date;actual;pred;low;high;pole;client;type_operation;erreur_abs;erreur_pct;dans_ic;horodatage
2026-01-02;0.0;8.814391414141413;0.0;4.159999999999764;BULK_S;S;BULK;8.814391414141413;881439141.4;1;2026-05-20 11:10
2026-01-05;638.0;928.807077920462;463.43125;1325.0114285714285;BULK_S;S;BULK;290.807077920462;45.6;1;2026-05-20 11:10
2026-01-06;525.0;467.44753597622736;153.25256410256407;793.8587912087912;BULK_S;S;BULK;57.55246402377264;11.0;1;2026-05-20 11:10
2026-01-07;1882.0;522.2389287989702;224.5785714285714;830.5733766233766;BULK_S;S;BULK;1359.7610712010298;72.3;0;2026-05-20 11:10
2026-01-08;1025.0;852.1701201513483;416.1912087912088;1383.2121428571427;BULK_S;S;BULK;172.82987984865167;16.9;1;2026-05-20 11:10
2026-01-09;0.0;29.26241686091686;0.0;83.2;BULK_S;S;BULK;29.26241686091686;2926241686.1;1;2026-05-20 11:10
2026-01-12;1328.0;1107.8025246144448;536.1772727272726;1764.1499999999999;BULK_S;S;BULK;220.1974753855552;16.6;1;2026-05-20 11:10
2026-01-13;272.0;741.4196509385891;253.7160839160839;1256.415;BULK_S;S;BULK;469.41965093858914;172.6;1;2026-05-20 11:10
2026-01-14;1074.0;827.0278151239825;354.93249999999995;1169.8660130718954;BULK_S;S;BULK;246.97218487601754;23.0;1;2026-05-20 11:10
2026-01-15;1218.0;1420.851121932267;926.8;1827.7807622504536;BULK_S;S;BULK;202.851121932267;16.7;1;2026-05-20 11:10
2026-01-16;0.0;22.22379365079365;0.0;52.0;BULK_S;S;BULK;22.22379365079365;2222379365.1;1;2026-05-20 11:10
2026-01-19;1968.0;1145.3750521038849;538.4322727272727;1732.0;BULK_S;S;BULK;822.6249478961151;41.8;0;2026-05-20 11:10
2026-01-20;218.0;670.1029198655431;202.6674208144796;1281.2821428571428;BULK_S;S;BULK;452.1029198655431;207.4;1;2026-05-20 11:10
2026-01-21;708.0;880.9543356749921;341.2111111111111;1586.8;BULK_S;S;BULK;172.95433567499208;24.4;1;2026-05-20 11:10
2026-01-22;1262.0;1253.2459362435723;697.15;1795.2960317460315;BULK_S;S;BULK;8.75406375642774;0.7;1;2026-05-20 11:10
2026-01-23;0.0;15.20626792380325;0.0;42.062222222222196;BULK_S;S;BULK;15.20626792380325;1520626792.4;1;2026-05-20 11:10
2026-01-26;1833.0;1257.3902417479046;679.6630434782608;1840.107142857143;BULK_S;S;BULK;575.6097582520954;31.4;1;2026-05-20 11:10
2026-01-27;327.0;609.8599548229323;198.495;1074.1105263157895;BULK_S;S;BULK;282.8599548229323;86.5;1;2026-05-20 11:10
2026-01-28;638.0;771.2061535203522;346.4333333333333;1237.85625;BULK_S;S;BULK;133.20615352035225;20.9;1;2026-05-20 11:10
2026-01-29;1407.0;1272.3158537017944;730.8345108695652;1768.8102222222221;BULK_S;S;BULK;134.68414629820563;9.6;1;2026-05-20 11:10
2026-01-30;0.0;11.644631368028108;0.0;46.22222222222222;BULK_S;S;BULK;11.644631368028108;1164463136.8;1;2026-05-20 11:10
2026-02-02;1404.0;1467.0616610415302;870.4314285714286;1905.979411764706;BULK_S;S;BULK;63.061661041530215;4.5;1;2026-05-20 11:10
2026-02-03;283.0;505.4765119743599;196.68923076923073;920.8866666666664;BULK_S;S;BULK;222.47651197435988;78.6;1;2026-05-20 11:10
2026-02-04;586.0;656.5969716956898;328.7830769230769;1149.6208695652174;BULK_S;S;BULK;70.59697169568983;12.0;1;2026-05-20 11:10
2026-02-05;1281.0;1253.8898360800954;762.2431818181816;1783.4859903381641;BULK_S;S;BULK;27.110163919904608;2.1;1;2026-05-20 11:10
2026-02-06;0.0;7.097324549846289;0.0;0.0;BULK_S;S;BULK;7.097324549846289;709732455.0;1;2026-05-20 11:10
2026-02-09;1508.0;1328.2315689721624;917.2333333333333;1775.0541666666666;BULK_S;S;BULK;179.76843102783755;11.9;1;2026-05-20 11:10
2026-02-10;398.0;458.88777356652673;205.3940476190476;784.4371428571428;BULK_S;S;BULK;60.88777356652673;15.3;1;2026-05-20 11:10
2026-02-11;778.0;645.4830503140464;369.9133333333333;988.7127272727273;BULK_S;S;BULK;132.5169496859536;17.0;1;2026-05-20 11:10
2026-02-12;796.0;1379.4145686888453;1011.8582417582417;1780.27;BULK_S;S;BULK;583.4145686888453;73.3;0;2026-05-20 11:10
2026-02-13;0.0;8.049242424242424;0.0;0.0;BULK_S;S;BULK;8.049242424242424;804924242.4;1;2026-05-20 11:10
2026-02-16;1053.0;1173.2031069562386;859.3514285714285;1589.803333333333;BULK_S;S;BULK;120.20310695623857;11.4;1;2026-05-20 11:10
2026-02-17;515.0;445.8768914030697;227.5033333333333;796.7181318681318;BULK_S;S;BULK;69.12310859693031;13.4;1;2026-05-20 11:10
2026-02-18;398.0;614.6894879527426;357.2966666666667;895.8584210526316;BULK_S;S;BULK;216.68948795274264;54.4;1;2026-05-20 11:10
2026-02-19;962.0;1141.39967114721;813.9749999999999;1540.0266666666664;BULK_S;S;BULK;179.39967114721003;18.6;1;2026-05-20 11:10
2026-02-20;0.0;3.4365959595959596;0.0;0.0;BULK_S;S;BULK;3.4365959595959596;343659596.0;1;2026-05-20 11:10
2026-02-23;2011.0;1159.2564172986365;872.3892448512586;1634.3309523809523;BULK_S;S;BULK;851.7435827013635;42.4;0;2026-05-20 11:10
2026-02-24;653.0;485.9602546837579;230.2723076923077;791.8171428571428;BULK_S;S;BULK;167.0397453162421;25.6;1;2026-05-20 11:10
2026-02-25;576.0;640.8899928456973;401.29764705882343;944.797142857143;BULK_S;S;BULK;64.8899928456973;11.3;1;2026-05-20 11:10
2026-02-26;974.0;1195.1910454224462;796.3207792207792;1677.2030769230769;BULK_S;S;BULK;221.19104542244622;22.7;1;2026-05-20 11:10
2026-01-02;0.0;0.0;0.0;0.0;BULK_W;W;BULK;0.0;0.0;1;2026-05-20 11:10
2026-01-05;677.0;426.58788682833637;214.30637681159422;622.597773279352;BULK_W;W;BULK;250.41211317166363;37.0;0;2026-05-20 11:10
2026-01-06;741.0;561.8692854442041;258.10499999999996;917.9999999999999;BULK_W;W;BULK;179.13071455579586;24.2;1;2026-05-20 11:10
2026-01-07;1071.0;657.6292472071659;286.1323809523809;986.4157495256167;BULK_W;W;BULK;413.3707527928341;38.6;0;2026-05-20 11:10
2026-01-08;572.0;567.5804198164321;303.16538461538465;868.1168831168832;BULK_W;W;BULK;4.419580183567859;0.8;1;2026-05-20 11:10
2026-01-09;0.0;0.0;0.0;0.0;BULK_W;W;BULK;0.0;0.0;1;2026-05-20 11:10
2026-01-12;688.0;734.418242669034;368.5631944444444;1118.128205128205;BULK_W;W;BULK;46.41824266903404;6.7;1;2026-05-20 11:10
2026-01-13;480.0;631.2313468149202;370.9035714285714;922.1078947368419;BULK_W;W;BULK;151.23134681492024;31.5;1;2026-05-20 11:10
2026-01-14;826.0;1035.0000206524064;508.68942307692305;1416.4037500000002;BULK_W;W;BULK;209.00002065240642;25.3;1;2026-05-20 11:10
2026-01-15;353.0;565.8849685339035;256.55021008403355;934.802564102564;BULK_W;W;BULK;212.88496853390347;60.3;1;2026-05-20 11:10
2026-01-16;0.0;0.0;0.0;0.0;BULK_W;W;BULK;0.0;0.0;1;2026-05-20 11:10
2026-01-19;644.0;687.3032467840025;275.9871657754011;1242.1894736842105;BULK_W;W;BULK;43.303246784002454;6.7;1;2026-05-20 11:10
2026-01-20;521.0;520.5842640749048;312.48571428571427;759.8285714285713;BULK_W;W;BULK;0.4157359250951913;0.1;1;2026-05-20 11:10
2026-01-21;1253.0;697.7550173042962;347.88865546218483;1025.02;BULK_W;W;BULK;555.2449826957038;44.3;0;2026-05-20 11:10
2026-01-22;861.0;468.23678475250415;242.48111888111887;765.75;BULK_W;W;BULK;392.76321524749585;45.6;0;2026-05-20 11:10
2026-01-23;0.0;0.0;0.0;0.0;BULK_W;W;BULK;0.0;0.0;1;2026-05-20 11:10
2026-01-26;628.0;721.8906820541101;377.7307692307692;1211.61;BULK_W;W;BULK;93.89068205411013;15.0;1;2026-05-20 11:10
2026-01-27;289.0;583.8649162897593;367.7267942583732;809.0833333333334;BULK_W;W;BULK;294.8649162897593;102.0;0;2026-05-20 11:10
2026-01-28;809.0;822.6738668135004;485.6602564102564;1208.0125;BULK_W;W;BULK;13.673866813500354;1.7;1;2026-05-20 11:10
2026-01-29;483.0;555.8976952560015;264.175;889.86375;BULK_W;W;BULK;72.8976952560015;15.1;1;2026-05-20 11:10
2026-01-30;0.0;0.0;0.0;0.0;BULK_W;W;BULK;0.0;0.0;1;2026-05-20 11:10
2026-02-02;441.0;612.3012052877591;340.3180555555555;878.7961904761904;BULK_W;W;BULK;171.3012052877591;38.8;1;2026-05-20 11:10
2026-02-03;421.0;544.8127249434689;324.98;839.092857142857;BULK_W;W;BULK;123.81272494346888;29.4;1;2026-05-20 11:10
2026-02-04;803.0;787.3435618539842;313.16278195488724;1239.465;BULK_W;W;BULK;15.65643814601583;1.9;1;2026-05-20 11:10
2026-02-05;364.0;477.02610822597444;281.8707692307692;658.776923076923;BULK_W;W;BULK;113.02610822597444;31.1;1;2026-05-20 11:10
2026-02-06;0.0;0.0;0.0;0.0;BULK_W;W;BULK;0.0;0.0;1;2026-05-20 11:10
2026-02-09;548.0;533.9869670417403;346.3670329670329;697.535294117647;BULK_W;W;BULK;14.013032958259714;2.6;1;2026-05-20 11:10
2026-02-10;324.0;468.4193251421237;308.3044871794871;651.9681818181817;BULK_W;W;BULK;144.41932514212368;44.6;1;2026-05-20 11:10
2026-02-11;885.0;599.5012220777198;285.155;938.0470588235294;BULK_W;W;BULK;285.49877792228017;32.3;1;2026-05-20 11:10
2026-02-12;389.0;421.78170335899637;247.978947368421;623.4833333333333;BULK_W;W;BULK;32.78170335899637;8.4;1;2026-05-20 11:10
2026-02-13;0.0;0.0;0.0;0.0;BULK_W;W;BULK;0.0;0.0;1;2026-05-20 11:10
2026-02-16;1579.0;557.0501616703542;360.8206349206349;749.1007407407407;BULK_W;W;BULK;1021.9498383296458;64.7;0;2026-05-20 11:10
2026-02-17;538.0;525.0039646701679;331.5258928571428;748.9233766233765;BULK_W;W;BULK;12.996035329832125;2.4;1;2026-05-20 11:10
2026-02-18;667.0;1003.0033254667452;639.6820512820511;1301.7480769230767;BULK_W;W;BULK;336.0033254667452;50.4;1;2026-05-20 11:10
2026-02-19;515.0;502.5500480320446;290.08251748251746;709.5066666666667;BULK_W;W;BULK;12.449951967955428;2.4;1;2026-05-20 11:10
2026-02-20;0.0;0.0;0.0;0.0;BULK_W;W;BULK;0.0;0.0;1;2026-05-20 11:10
2026-02-23;604.0;730.3832426757642;463.3648148148148;1099.9621553884713;BULK_W;W;BULK;126.38324267576422;20.9;1;2026-05-20 11:10
2026-02-24;404.0;536.9378679810528;337.92478632478634;747.6860139860139;BULK_W;W;BULK;132.93786798105282;32.9;1;2026-05-20 11:10
2026-02-25;785.0;911.8742718804766;568.7425;1260.6076923076923;BULK_W;W;BULK;126.87427188047661;16.2;1;2026-05-20 11:10
2026-02-26;523.0;521.8821221072064;328.82563667232597;769.0777777777778;BULK_W;W;BULK;1.1178778927935582;0.2;1;2026-05-20 11:10
2026-01-02;0.0;103.5512962962963;0.0;0.0;PICKING_S;S;PICKING;103.5512962962963;10355129629.6;1;2026-05-20 11:10
2026-01-05;7061.0;12063.671788447458;5031.768571428571;19793.025000000005;PICKING_S;S;PICKING;5002.671788447458;70.8;1;2026-05-20 11:10
2026-01-06;7972.0;5157.818911013816;3168.804545454545;7324.930915750918;PICKING_S;S;PICKING;2814.1810889861836;35.3;0;2026-05-20 11:10
2026-01-07;10616.0;4800.8735223305275;3351.4109677419356;6223.318534482759;PICKING_S;S;PICKING;5815.1264776694725;54.8;0;2026-05-20 11:10
2026-01-08;4454.0;5075.13031516714;3651.6776291793312;6328.385225916454;PICKING_S;S;PICKING;621.13031516714;13.9;1;2026-05-20 11:10
2026-01-09;0.0;150.26555555555555;0.0;0.0;PICKING_S;S;PICKING;150.26555555555555;15026555555.6;1;2026-05-20 11:10
2026-01-12;11845.0;11453.513258126104;4591.699999999999;19862.875000000007;PICKING_S;S;PICKING;391.4867418738959;3.3;1;2026-05-20 11:10
2026-01-13;4755.0;6973.502796417277;4847.38023909986;10343.5275;PICKING_S;S;PICKING;2218.502796417277;46.7;0;2026-05-20 11:10
2026-01-14;4518.0;4301.503247957014;2677.983088235294;6012.5978163493855;PICKING_S;S;PICKING;216.49675204298637;4.8;1;2026-05-20 11:10
2026-01-15;3761.0;6265.504348481088;4012.798;9677.484134615384;PICKING_S;S;PICKING;2504.5043484810876;66.6;0;2026-05-20 11:10
2026-01-16;0.0;5.951111111111111;0.0;0.0;PICKING_S;S;PICKING;5.951111111111111;595111111.1;1;2026-05-20 11:10
2026-01-19;15170.0;10362.756537052815;4009.680952380952;16401.34837662338;PICKING_S;S;PICKING;4807.2434629471845;31.7;1;2026-05-20 11:10
2026-01-20;5386.0;6248.590266805597;4900.237967914439;7942.241071428574;PICKING_S;S;PICKING;862.5902668055969;16.0;1;2026-05-20 11:10
2026-01-21;6674.0;4594.396407867954;3351.4156265356264;5644.191666666668;PICKING_S;S;PICKING;2079.6035921320463;31.2;0;2026-05-20 11:10
2026-01-22;4985.0;5384.110788730411;3792.2179487179487;6805.589285714286;PICKING_S;S;PICKING;399.1107887304106;8.0;1;2026-05-20 11:10
2026-01-23;0.0;0.0;0.0;0.0;PICKING_S;S;PICKING;0.0;0.0;1;2026-05-20 11:10
2026-01-26;14514.0;12591.764735428333;5459.224999999999;18261.016666666666;PICKING_S;S;PICKING;1922.2352645716674;13.2;1;2026-05-20 11:10
2026-01-27;5291.0;5993.625225872307;4753.699341297309;7579.651298701302;PICKING_S;S;PICKING;702.625225872307;13.3;1;2026-05-20 11:10
2026-01-28;3373.0;4655.272135488674;3623.8442307692303;5582.308571428572;PICKING_S;S;PICKING;1282.2721354886744;38.0;0;2026-05-20 11:10
2026-01-29;4959.0;5239.643993619988;3786.4066849816845;6240.975818312906;PICKING_S;S;PICKING;280.64399361998767;5.7;1;2026-05-20 11:10
2026-01-30;0.0;0.0;0.0;0.0;PICKING_S;S;PICKING;0.0;0.0;1;2026-05-20 11:10
2026-02-02;14143.0;13685.237186544295;7577.088095238096;18814.100000000006;PICKING_S;S;PICKING;457.7628134557053;3.2;1;2026-05-20 11:10
2026-02-03;5757.0;5943.063302498843;4907.770046082949;7076.913856691254;PICKING_S;S;PICKING;186.06330249884286;3.2;1;2026-05-20 11:10
2026-02-04;4573.0;4514.748765283161;3484.4169787234046;5454.468457918552;PICKING_S;S;PICKING;58.25123471683855;1.3;1;2026-05-20 11:10
2026-02-05;3442.0;5204.7151533698325;3797.1890465631927;6336.884033613445;PICKING_S;S;PICKING;1762.7151533698325;51.2;0;2026-05-20 11:10
2026-02-06;0.0;0.0;0.0;0.0;PICKING_S;S;PICKING;0.0;0.0;1;2026-05-20 11:10
2026-02-09;12410.0;13339.261775255007;9871.966666666665;16036.173076923078;PICKING_S;S;PICKING;929.2617752550068;7.5;1;2026-05-20 11:10
2026-02-10;6314.0;5940.583082256847;4844.3597008547;7060.30671921922;PICKING_S;S;PICKING;373.41691774315314;5.9;1;2026-05-20 11:10
2026-02-11;4953.0;4412.836416793573;3383.171978021978;5329.253663003663;PICKING_S;S;PICKING;540.1635832064267;10.9;1;2026-05-20 11:10
2026-02-12;2855.0;4954.741224012006;3834.02;5917.776402439024;PICKING_S;S;PICKING;2099.7412240120057;73.5;0;2026-05-20 11:10
2026-02-13;0.0;0.0;0.0;0.0;PICKING_S;S;PICKING;0.0;0.0;1;2026-05-20 11:10
2026-02-16;9457.0;13536.968696523747;11543.84761904762;15736.300000000001;PICKING_S;S;PICKING;4079.968696523747;43.1;0;2026-05-20 11:10
2026-02-17;4362.0;6055.656829842373;4811.085033813584;7370.596066517429;PICKING_S;S;PICKING;1693.6568298423726;38.8;0;2026-05-20 11:10
2026-02-18;2877.0;4425.588907412368;3372.3342764378476;5261.032134209616;PICKING_S;S;PICKING;1548.588907412368;53.8;0;2026-05-20 11:10
2026-02-19;3524.0;4851.056386734583;3639.5313782991198;5891.04963856977;PICKING_S;S;PICKING;1327.0563867345827;37.7;0;2026-05-20 11:10
2026-02-20;0.0;0.0;0.0;0.0;PICKING_S;S;PICKING;0.0;0.0;1;2026-05-20 11:10
2026-02-23;14993.0;12537.283786417604;10108.76;15053.727272727272;PICKING_S;S;PICKING;2455.7162135823964;16.4;1;2026-05-20 11:10
2026-02-24;9832.0;5781.862073908346;4688.972440065681;6690.55752895753;PICKING_S;S;PICKING;4050.1379260916538;41.2;0;2026-05-20 11:10
2026-02-25;3406.0;4359.749370304556;3408.427648902821;5206.9012268704755;PICKING_S;S;PICKING;953.7493703045557;28.0;0;2026-05-20 11:10
2026-02-26;3340.0;4379.33381109558;3447.8863801452785;5171.496031746032;PICKING_S;S;PICKING;1039.3338110955801;31.1;0;2026-05-20 11:10
2026-01-02;0.0;134.3596785714286;0.0;0.0;PICKING_W;W;PICKING;134.3596785714286;13435967857.1;1;2026-05-20 11:10
2026-01-05;15638.0;10736.223519472049;7384.126153846154;15234.532330827067;PICKING_W;W;PICKING;4901.776480527951;31.3;0;2026-05-20 11:10
2026-01-06;5098.0;8409.447850338229;5507.967832167832;11543.47619047619;PICKING_W;W;PICKING;3311.447850338229;65.0;0;2026-05-20 11:10
2026-01-07;11555.0;6427.228690100779;3713.7079999999996;9033.96;PICKING_W;W;PICKING;5127.771309899221;44.4;0;2026-05-20 11:10
2026-01-08;3844.0;4760.975014411512;3079.10625;6544.907692307692;PICKING_W;W;PICKING;916.9750144115123;23.9;1;2026-05-20 11:10
2026-01-09;0.0;27.781599999999997;0.0;0.0;PICKING_W;W;PICKING;27.781599999999997;2778160000.0;1;2026-05-20 11:10
2026-01-12;10779.0;14121.162338520415;7730.569230769231;24684.276923076923;PICKING_W;W;PICKING;3342.162338520415;31.0;1;2026-05-20 11:10
2026-01-13;9816.0;8506.490231711401;5585.487692307693;11680.571739130435;PICKING_W;W;PICKING;1309.509768288599;13.3;1;2026-05-20 11:10
2026-01-14;7214.0;7672.765390160356;5127.982692307693;10155.690441176472;PICKING_W;W;PICKING;458.7653901603562;6.4;1;2026-05-20 11:10
2026-01-15;3853.0;6443.043409357783;4046.409090909091;9249.674812030074;PICKING_W;W;PICKING;2590.0434093577833;67.2;0;2026-05-20 11:10
2026-01-16;0.0;0.0;0.0;0.0;PICKING_W;W;PICKING;0.0;0.0;1;2026-05-20 11:10
2026-01-19;7697.0;10337.186024829365;7655.116387959866;14122.274866310161;PICKING_W;W;PICKING;2640.186024829365;34.3;1;2026-05-20 11:10
2026-01-20;9621.0;8468.78862946743;5671.639999999999;11395.603324808184;PICKING_W;W;PICKING;1152.21137053257;12.0;1;2026-05-20 11:10
2026-01-21;9492.0;6075.5822828661685;3567.0624999999995;8647.473846153845;PICKING_W;W;PICKING;3416.4177171338315;36.0;0;2026-05-20 11:10
2026-01-22;3491.0;4929.459037965094;2917.913888888889;7578.8614285714275;PICKING_W;W;PICKING;1438.4590379650936;41.2;1;2026-05-20 11:10
2026-01-23;0.0;0.0;0.0;0.0;PICKING_W;W;PICKING;0.0;0.0;1;2026-05-20 11:10
2026-01-26;8625.0;10765.768684090512;7094.7875;15994.557435897434;PICKING_W;W;PICKING;2140.7686840905117;24.8;1;2026-05-20 11:10
2026-01-27;11608.0;8310.969808415748;5748.001428571428;11629.04936061381;PICKING_W;W;PICKING;3297.030191584252;28.4;1;2026-05-20 11:10
2026-01-28;6813.0;6484.962053896914;4242.318181818182;8993.546153846153;PICKING_W;W;PICKING;328.03794610308614;4.8;1;2026-05-20 11:10
2026-01-29;4718.0;4572.415925872039;3007.730952380952;6445.715;PICKING_W;W;PICKING;145.58407412796078;3.1;1;2026-05-20 11:10
2026-01-30;0.0;0.0;0.0;0.0;PICKING_W;W;PICKING;0.0;0.0;1;2026-05-20 11:10
2026-02-02;7711.0;9869.153528484268;7094.487619047619;13079.235338345865;PICKING_W;W;PICKING;2158.1535284842685;28.0;1;2026-05-20 11:10
2026-02-03;9315.0;8469.35602845761;5800.62;10930.376518218623;PICKING_W;W;PICKING;845.6439715423894;9.1;1;2026-05-20 11:10
2026-02-04;9162.0;6990.97804207541;4664.743333333333;9525.400701754384;PICKING_W;W;PICKING;2171.0219579245904;23.7;1;2026-05-20 11:10
2026-02-05;4721.0;5578.290901719714;3010.934389140271;9629.497878787877;PICKING_W;W;PICKING;857.2909017197144;18.2;1;2026-05-20 11:10
2026-02-06;0.0;0.0;0.0;0.0;PICKING_W;W;PICKING;0.0;0.0;1;2026-05-20 11:10
2026-02-09;8297.0;11289.678033691984;7650.820098039216;15320.512941176472;PICKING_W;W;PICKING;2992.6780336919837;36.1;1;2026-05-20 11:10
2026-02-10;8413.0;8622.536958840305;6656.529166666666;10554.91568627451;PICKING_W;W;PICKING;209.53695884030458;2.5;1;2026-05-20 11:10
2026-02-11;8385.0;6677.24944979198;4856.86875;8657.64612794613;PICKING_W;W;PICKING;1707.7505502080203;20.4;1;2026-05-20 11:10
2026-02-12;3181.0;4319.219904017021;3285.4423558897242;5230.513299232736;PICKING_W;W;PICKING;1138.2199040170208;35.8;0;2026-05-20 11:10
2026-02-13;0.0;0.0;0.0;0.0;PICKING_W;W;PICKING;0.0;0.0;1;2026-05-20 11:10
2026-02-16;9608.0;12437.308043540283;7947.093181818182;17656.416923076915;PICKING_W;W;PICKING;2829.3080435402826;29.4;1;2026-05-20 11:10
2026-02-17;6525.0;8525.141617095573;6674.3099999999995;10747.451242236026;PICKING_W;W;PICKING;2000.1416170955727;30.7;0;2026-05-20 11:10
2026-02-18;5073.0;6716.611886242267;4908.821428571428;8496.872115384615;PICKING_W;W;PICKING;1643.6118862422672;32.4;1;2026-05-20 11:10
2026-02-19;4931.0;4441.10239940438;3051.108333333333;6162.759999999998;PICKING_W;W;PICKING;489.89760059562013;9.9;1;2026-05-20 11:10
2026-02-20;0.0;0.0;0.0;0.0;PICKING_W;W;PICKING;0.0;0.0;1;2026-05-20 11:10
2026-02-23;7851.0;10602.919475268409;7977.366666666667;12944.122023809523;PICKING_W;W;PICKING;2751.919475268409;35.1;0;2026-05-20 11:10
2026-02-24;9546.0;7837.832960239316;6008.290384615384;10043.133333333333;PICKING_W;W;PICKING;1708.167039760684;17.9;1;2026-05-20 11:10
2026-02-25;5988.0;6718.494557674553;4746.412499999999;8901.216666666667;PICKING_W;W;PICKING;730.4945576745531;12.2;1;2026-05-20 11:10
2026-02-26;5911.0;4823.671479225886;3293.1596363636363;6491.263157894737;PICKING_W;W;PICKING;1087.3285207741137;18.4;1;2026-05-20 11:10
2026-01-02;0.0;1.885;0.0;0.0;PROMO_S;S;PROMO;1.885;188500000.0;1;2026-05-20 11:10
2026-01-05;6179.0;5304.387912175324;2528.5;7500.2821428571415;PROMO_S;S;PROMO;874.6120878246757;14.2;1;2026-05-20 11:10
2026-01-06;4901.0;3983.160871615324;807.6799999999989;6746.85;PROMO_S;S;PROMO;917.8391283846759;18.7;1;2026-05-20 11:10
2026-01-07;7956.0;2292.933528016962;1770.687394957983;2869.5285714285715;PROMO_S;S;PROMO;5663.066471983038;71.2;0;2026-05-20 11:10
2026-01-08;2064.0;2933.7745060653674;1762.7297525309336;6055.333333333333;PROMO_S;S;PROMO;869.7745060653674;42.1;1;2026-05-20 11:10
2026-01-09;0.0;16.49375;0.0;0.0;PROMO_S;S;PROMO;16.49375;1649375000.0;1;2026-05-20 11:10
2026-01-12;7584.0;6166.604051326024;3449.3666666666663;8424.21229946524;PROMO_S;S;PROMO;1417.395948673976;18.7;1;2026-05-20 11:10
2026-01-13;2841.0;4258.244325427029;3216.7079787234043;6203.546153846153;PROMO_S;S;PROMO;1417.2443254270293;49.9;0;2026-05-20 11:10
2026-01-14;1957.0;2213.05445925479;1552.7788095238095;2788.2835164835165;PROMO_S;S;PROMO;256.0544592547899;13.1;1;2026-05-20 11:10
2026-01-15;3602.0;2385.322290753497;1801.1643615793118;3093.2433333333333;PROMO_S;S;PROMO;1216.6777092465031;33.8;0;2026-05-20 11:10
2026-01-16;0.0;1.2566666666666668;0.0;0.0;PROMO_S;S;PROMO;1.2566666666666668;125666666.7;1;2026-05-20 11:10
2026-01-19;8475.0;6515.814453691474;3040.466666666666;8281.87;PROMO_S;S;PROMO;1959.1855463085258;23.1;0;2026-05-20 11:10
2026-01-20;3899.0;3981.3281187428906;2942.653365384615;5581.363636363636;PROMO_S;S;PROMO;82.32811874289064;2.1;1;2026-05-20 11:10
2026-01-21;1460.0;2298.3435479053146;1546.657162949568;3483.8275;PROMO_S;S;PROMO;838.3435479053146;57.4;0;2026-05-20 11:10
2026-01-22;2977.0;2275.583184860057;1738.7173076923077;3190.8609090909094;PROMO_S;S;PROMO;701.4168151399431;23.6;1;2026-05-20 11:10
2026-01-23;0.0;0.0;0.0;0.0;PROMO_S;S;PROMO;0.0;0.0;1;2026-05-20 11:10
2026-01-26;9495.0;6698.834127630186;5290.351388888888;7995.45652173913;PROMO_S;S;PROMO;2796.1658723698138;29.4;0;2026-05-20 11:10
2026-01-27;3879.0;4228.6865333521055;3316.606669207317;6000.468333333332;PROMO_S;S;PROMO;349.68653335210547;9.0;1;2026-05-20 11:10
2026-01-28;1756.0;2010.1184275326027;1544.8343074091117;2598.8257575757575;PROMO_S;S;PROMO;254.1184275326027;14.5;1;2026-05-20 11:10
2026-01-29;2643.0;2310.9440973990263;1782.6963672676238;2985.71619047619;PROMO_S;S;PROMO;332.0559026009737;12.6;1;2026-05-20 11:10
2026-01-30;0.0;0.9425;0.0;0.0;PROMO_S;S;PROMO;0.9425;94250000.0;1;2026-05-20 11:10
2026-02-02;10714.0;7557.355809724843;5723.28689733409;9401.01;PROMO_S;S;PROMO;3156.6441902751567;29.5;0;2026-05-20 11:10
2026-02-03;4185.0;4198.7359640943205;3354.9141608391606;5346.762352941176;PROMO_S;S;PROMO;13.73596409432048;0.3;1;2026-05-20 11:10
2026-02-04;1635.0;2024.790690987245;1580.5099865591396;2641.3356296296297;PROMO_S;S;PROMO;389.79069098724494;23.8;1;2026-05-20 11:10
2026-02-05;2211.0;2532.189665375839;1860.6241191121528;3559.7190476190476;PROMO_S;S;PROMO;321.189665375839;14.5;1;2026-05-20 11:10
2026-02-06;0.0;0.0;0.0;0.0;PROMO_S;S;PROMO;0.0;0.0;1;2026-05-20 11:10
2026-02-09;10043.0;7165.208022103124;5391.015714285714;9012.179999999998;PROMO_S;S;PROMO;2877.7919778968762;28.7;0;2026-05-20 11:10
2026-02-10;3690.0;3983.8680458560684;3360.397727272727;4693.181749369218;PROMO_S;S;PROMO;293.8680458560684;8.0;1;2026-05-20 11:10
2026-02-11;3164.0;1890.069210597179;1546.5851084337348;2176.8214285714284;PROMO_S;S;PROMO;1273.930789402821;40.3;0;2026-05-20 11:10
2026-02-12;1039.0;2190.9403783596563;1840.6721964244252;2569.8391402714933;PROMO_S;S;PROMO;1151.9403783596563;110.9;0;2026-05-20 11:10
2026-02-13;0.0;0.0;0.0;0.0;PROMO_S;S;PROMO;0.0;0.0;1;2026-05-20 11:10
2026-02-16;6689.0;7987.448416845901;5964.018653846153;10342.949999999999;PROMO_S;S;PROMO;1298.4484168459012;19.4;1;2026-05-20 11:10
2026-02-17;3603.0;4015.742777523332;3429.168157423971;4585.20906862745;PROMO_S;S;PROMO;412.7427775233318;11.5;1;2026-05-20 11:10
2026-02-18;1209.0;1972.0588823616738;1583.940622168529;2333.576262083781;PROMO_S;S;PROMO;763.0588823616738;63.1;0;2026-05-20 11:10
2026-02-19;1732.0;2108.8299641695558;1779.2556840934371;2615.125;PROMO_S;S;PROMO;376.82996416955575;21.8;0;2026-05-20 11:10
2026-02-20;0.0;0.0;0.0;0.0;PROMO_S;S;PROMO;0.0;0.0;1;2026-05-20 11:10
2026-02-23;9231.0;7143.613094697997;5781.289333333333;8648.68198757764;PROMO_S;S;PROMO;2087.3869053020026;22.6;0;2026-05-20 11:10
2026-02-24;7276.0;4447.683170557217;3375.3119883040936;7595.358333333333;PROMO_S;S;PROMO;2828.3168294427833;38.9;1;2026-05-20 11:10
2026-02-25;1563.0;1821.9825901846589;1532.9954930429521;2118.644109225875;PROMO_S;S;PROMO;258.9825901846589;16.6;1;2026-05-20 11:10
2026-02-26;2331.0;1865.4167111058784;1571.5781331028522;2128.703125;PROMO_S;S;PROMO;465.58328889412155;20.0;0;2026-05-20 11:10
2026-01-02;0.0;0.0;0.0;0.0;PROMO_W;W;PROMO;0.0;0.0;1;2026-05-20 11:10
2026-01-05;9984.0;7539.632166107086;4825.798214285713;10973.960000000001;PROMO_W;W;PROMO;2444.367833892914;24.5;1;2026-05-20 11:10
2026-01-06;6864.0;7624.749220825265;5109.4944444444445;10576.2;PROMO_W;W;PROMO;760.7492208252652;11.1;1;2026-05-20 11:10
2026-01-07;12797.0;6447.058404881953;3862.5874999999996;8647.85;PROMO_W;W;PROMO;6349.941595118047;49.6;0;2026-05-20 11:10
2026-01-08;2900.0;4062.80308179194;2507.4075;6385.953333333337;PROMO_W;W;PROMO;1162.8030817919398;40.1;1;2026-05-20 11:10
2026-01-09;0.0;0.0;0.0;0.0;PROMO_W;W;PROMO;0.0;0.0;1;2026-05-20 11:10
2026-01-12;9855.0;9699.93376791043;6776.865714285714;12772.1875;PROMO_W;W;PROMO;155.0662320895699;1.6;1;2026-05-20 11:10
2026-01-13;6714.0;8025.0362878207025;5078.883333333332;11261.125;PROMO_W;W;PROMO;1311.0362878207025;19.5;1;2026-05-20 11:10
2026-01-14;8098.0;7661.159992864411;5301.99375;10760.122857142858;PROMO_W;W;PROMO;436.8400071355891;5.4;1;2026-05-20 11:10
2026-01-15;3304.0;5413.965122759794;2460.7388888888886;9479.352083333335;PROMO_W;W;PROMO;2109.965122759794;63.9;1;2026-05-20 11:10
2026-01-16;0.0;0.0;0.0;0.0;PROMO_W;W;PROMO;0.0;0.0;1;2026-05-20 11:10
2026-01-19;6028.0;8683.028691280486;6011.08875;11914.716666666669;PROMO_W;W;PROMO;2655.028691280486;44.0;1;2026-05-20 11:10
2026-01-20;6893.0;6855.658864442347;3991.5900621118008;9754.423076923076;PROMO_W;W;PROMO;37.341135557652706;0.5;1;2026-05-20 11:10
2026-01-21;8843.0;6561.818938062403;3909.4166666666665;8850.225;PROMO_W;W;PROMO;2281.1810619375974;25.8;1;2026-05-20 11:10
2026-01-22;3153.0;4145.665952912004;2292.1056818181814;6635.7571428571455;PROMO_W;W;PROMO;992.6659529120043;31.5;1;2026-05-20 11:10
2026-01-23;0.0;0.0;0.0;0.0;PROMO_W;W;PROMO;0.0;0.0;1;2026-05-20 11:10
2026-01-26;6260.0;7829.541661386853;4208.499999999998;10945.207142857143;PROMO_W;W;PROMO;1569.5416613868529;25.1;1;2026-05-20 11:10
2026-01-27;6058.0;7263.213381591541;5294.741666666667;10021.623376623378;PROMO_W;W;PROMO;1205.2133815915413;19.9;1;2026-05-20 11:10
2026-01-28;5087.0;7060.59143201866;5274.084126984127;9034.87;PROMO_W;W;PROMO;1973.5914320186603;38.8;0;2026-05-20 11:10
2026-01-29;3650.0;3497.8576134949194;2236.9590909090907;4990.504545454548;PROMO_W;W;PROMO;152.1423865050806;4.2;1;2026-05-20 11:10
2026-01-30;0.0;0.0;0.0;0.0;PROMO_W;W;PROMO;0.0;0.0;1;2026-05-20 11:10
2026-02-02;6861.0;7229.490260968201;5856.76;9463.22;PROMO_W;W;PROMO;368.49026096820126;5.4;1;2026-05-20 11:10
2026-02-03;6183.0;6959.30836525188;5004.96923076923;10154.875;PROMO_W;W;PROMO;776.3083652518799;12.6;1;2026-05-20 11:10
2026-02-04;6591.0;6339.092588935215;5121.265454545454;8221.0625;PROMO_W;W;PROMO;251.90741106478526;3.8;1;2026-05-20 11:10
2026-02-05;3485.0;3754.7353829951912;2490.5533333333333;5495.5074509803935;PROMO_W;W;PROMO;269.73538299519123;7.7;1;2026-05-20 11:10
2026-02-06;0.0;0.0;0.0;0.0;PROMO_W;W;PROMO;0.0;0.0;1;2026-05-20 11:10
2026-02-09;6887.0;7194.72046512831;6094.3214285714275;8604.733173076922;PROMO_W;W;PROMO;307.72046512831;4.5;1;2026-05-20 11:10
2026-02-10;5440.0;6611.621058964444;5300.927272727272;7977.9087500000005;PROMO_W;W;PROMO;1171.6210589644443;21.5;1;2026-05-20 11:10
2026-02-11;8082.0;6309.561271330896;5110.10979020979;7700.028571428572;PROMO_W;W;PROMO;1772.4387286691044;21.9;0;2026-05-20 11:10
2026-02-12;1809.0;3129.1705326414644;2381.0142857142855;3626.53;PROMO_W;W;PROMO;1320.1705326414644;73.0;0;2026-05-20 11:10
2026-02-13;0.0;0.0;0.0;0.0;PROMO_W;W;PROMO;0.0;0.0;1;2026-05-20 11:10
2026-02-16;7447.0;7481.095633868271;6110.106493506493;9200.507692307692;PROMO_W;W;PROMO;34.09563386827085;0.5;1;2026-05-20 11:10
2026-02-17;6428.0;6418.1199938720965;5264.885858585859;7644.330000000001;PROMO_W;W;PROMO;9.88000612790347;0.2;1;2026-05-20 11:10
2026-02-18;4731.0;6569.767960102725;5283.413333333333;8056.084722222223;PROMO_W;W;PROMO;1838.7679601027248;38.9;0;2026-05-20 11:10
2026-02-19;3315.0;3537.239829309311;2152.9153846153845;6223.241666666668;PROMO_W;W;PROMO;222.23982930931106;6.7;1;2026-05-20 11:10
2026-02-20;0.0;0.0;0.0;0.0;PROMO_W;W;PROMO;0.0;0.0;1;2026-05-20 11:10
2026-02-23;7852.0;7464.942143105131;6181.37;9312.366666666667;PROMO_W;W;PROMO;387.05785689486856;4.9;1;2026-05-20 11:10
2026-02-24;5586.0;6493.779218772866;5045.959999999999;8226.2;PROMO_W;W;PROMO;907.7792187728664;16.3;1;2026-05-20 11:10
2026-02-25;4747.0;6450.737941450062;5112.75;8114.733333333334;PROMO_W;W;PROMO;1703.737941450062;35.9;0;2026-05-20 11:10
2026-02-26;4249.0;3252.901095740903;2369.3492063492063;4055.7625;PROMO_W;W;PROMO;996.0989042590968;23.4;0;2026-05-20 11:10
2026-01-02;0.0;124.26574074074072;0.0;0.0;GLOBAL_S;S;GLOBAL;124.26574074074072;12426574074.1;1;2026-05-20 11:10
2026-01-05;13878.0;18964.61366763365;8744.81;30352.102380952383;GLOBAL_S;S;GLOBAL;5086.61366763365;36.7;1;2026-05-20 11:10
2026-01-06;13398.0;9845.546652408086;6103.664180672268;17123.48021978022;GLOBAL_S;S;GLOBAL;3552.4533475919143;26.5;1;2026-05-20 11:10
2026-01-07;20454.0;8202.305461570004;6564.261228070175;9890.846376811598;GLOBAL_S;S;GLOBAL;12251.694538429996;59.9;0;2026-05-20 11:10
2026-01-08;7543.0;8582.728016027277;6279.091941391942;13265.702222222226;GLOBAL_S;S;GLOBAL;1039.7280160272767;13.8;1;2026-05-20 11:10
2026-01-09;0.0;172.2001666666667;0.0;0.0;GLOBAL_S;S;GLOBAL;172.2001666666667;17220016666.7;1;2026-05-20 11:10
2026-01-12;20757.0;20023.960066294574;8225.359999999999;31512.666666666668;GLOBAL_S;S;GLOBAL;733.0399337054259;3.5;1;2026-05-20 11:10
2026-01-13;7868.0;13016.083178946985;8881.880655391122;18733.069230769237;GLOBAL_S;S;GLOBAL;5148.083178946985;65.4;0;2026-05-20 11:10
2026-01-14;7549.0;7275.583695614462;5259.6;9315.102564102566;GLOBAL_S;S;GLOBAL;273.41630438553784;3.6;1;2026-05-20 11:10
2026-01-15;8581.0;10067.705533707845;7227.448940589946;15784.716666666667;GLOBAL_S;S;GLOBAL;1486.7055337078455;17.3;1;2026-05-20 11:10
2026-01-16;0.0;13.498333333333333;0.0;0.0;GLOBAL_S;S;GLOBAL;13.498333333333333;1349833333.3;1;2026-05-20 11:10
2026-01-19;25613.0;19217.800970668864;9056.692307692305;28531.28000000001;GLOBAL_S;S;GLOBAL;6395.1990293311355;25.0;1;2026-05-20 11:10
2026-01-20;9503.0;11705.996236210918;8836.51575;16899.827500000007;GLOBAL_S;S;GLOBAL;2202.996236210918;23.2;1;2026-05-20 11:10
2026-01-21;8842.0;7189.807807162252;6214.335128205128;8037.347072535309;GLOBAL_S;S;GLOBAL;1652.1921928377478;18.7;0;2026-05-20 11:10
2026-01-22;9224.0;8704.332077539306;7119.89149659864;10707.568125000007;GLOBAL_S;S;GLOBAL;519.6679224606942;5.6;1;2026-05-20 11:10
2026-01-23;0.0;0.0;0.0;0.0;GLOBAL_S;S;GLOBAL;0.0;0.0;1;2026-05-20 11:10
2026-01-26;25842.0;22721.554319314204;12698.616666666661;30290.86333333334;GLOBAL_S;S;GLOBAL;3120.445680685796;12.1;1;2026-05-20 11:10
2026-01-27;9497.0;11071.419154004947;8503.203034055728;15176.551746031755;GLOBAL_S;S;GLOBAL;1574.419154004947;16.6;1;2026-05-20 11:10
2026-01-28;5767.0;7197.065410983058;6280.427637221269;8241.60054347826;GLOBAL_S;S;GLOBAL;1430.0654109830584;24.8;0;2026-05-20 11:10
2026-01-29;9009.0;8664.154055257743;7086.446885245901;10388.361458333335;GLOBAL_S;S;GLOBAL;344.8459447422574;3.8;1;2026-05-20 11:10
2026-01-30;0.0;0.0;0.0;0.0;GLOBAL_S;S;GLOBAL;0.0;0.0;1;2026-05-20 11:10
2026-02-02;26261.0;23699.67120277559;15381.221428571425;31599.427272727284;GLOBAL_S;S;GLOBAL;2561.3287972244107;9.8;1;2026-05-20 11:10
2026-02-03;10225.0;10487.405420436595;8654.794855381697;12623.607135135137;GLOBAL_S;S;GLOBAL;262.4054204365948;2.6;1;2026-05-20 11:10
2026-02-04;6794.0;7207.343147081013;6305.348968253968;8312.285649054142;GLOBAL_S;S;GLOBAL;413.34314708101283;6.1;1;2026-05-20 11:10
2026-02-05;6934.0;8700.121415587631;7103.348445504327;10565.0976100629;GLOBAL_S;S;GLOBAL;1766.1214155876314;25.5;0;2026-05-20 11:10
2026-02-06;0.0;0.0;0.0;0.0;GLOBAL_S;S;GLOBAL;0.0;0.0;1;2026-05-20 11:10
2026-02-09;23961.0;22285.819629081492;15982.483333333334;27472.314375;GLOBAL_S;S;GLOBAL;1675.1803709185078;7.0;1;2026-05-20 11:10
2026-02-10;10402.0;10162.776405722216;8464.743687794657;12401.976445993032;GLOBAL_S;S;GLOBAL;239.2235942777843;2.3;1;2026-05-20 11:10
2026-02-11;8895.0;7050.506198422265;6233.094041514041;7895.136410008961;GLOBAL_S;S;GLOBAL;1844.4938015777352;20.7;0;2026-05-20 11:10
2026-02-12;4690.0;8256.74453143939;7162.001463114123;9343.276347708896;GLOBAL_S;S;GLOBAL;3566.74453143939;76.0;0;2026-05-20 11:10
2026-02-13;0.0;0.0;0.0;0.0;GLOBAL_S;S;GLOBAL;0.0;0.0;1;2026-05-20 11:10
2026-02-16;17199.0;23235.095546495522;20174.17090909091;26686.108823529416;GLOBAL_S;S;GLOBAL;6036.095546495522;35.1;0;2026-05-20 11:10
2026-02-17;8480.0;10678.789944271219;8617.34972899729;13578.250000000004;GLOBAL_S;S;GLOBAL;2198.7899442712187;25.9;0;2026-05-20 11:10
2026-02-18;4484.0;7187.422886090338;6332.361127819549;8000.5144974874365;GLOBAL_S;S;GLOBAL;2703.4228860903377;60.3;0;2026-05-20 11:10
2026-02-19;6218.0;8121.004133926388;6956.569192477876;9385.702806122452;GLOBAL_S;S;GLOBAL;1903.004133926388;30.6;0;2026-05-20 11:10
2026-02-20;0.0;0.0;0.0;0.0;GLOBAL_S;S;GLOBAL;0.0;0.0;1;2026-05-20 11:10
2026-02-23;26235.0;21291.36734545816;17248.8;25622.666071428575;GLOBAL_S;S;GLOBAL;4943.6326545418415;18.8;0;2026-05-20 11:10
2026-02-24;17761.0;10286.312909596689;8498.14150943396;12119.188843813388;GLOBAL_S;S;GLOBAL;7474.687090403311;42.1;0;2026-05-20 11:10
2026-02-25;5545.0;6965.768891100945;6040.733137829912;7773.989254307572;GLOBAL_S;S;GLOBAL;1420.7688911009454;25.6;0;2026-05-20 11:10
2026-02-26;6645.0;7087.784698984704;6156.385937499999;8005.602105640658;GLOBAL_S;S;GLOBAL;442.78469898470394;6.7;1;2026-05-20 11:10
2026-01-02;0.0;0.0;0.0;0.0;GLOBAL_W;W;GLOBAL;0.0;0.0;1;2026-05-20 11:10
2026-01-05;26299.0;17529.015788386845;11940.88571428571;23174.090476190475;GLOBAL_W;W;GLOBAL;8769.984211613155;33.3;0;2026-05-20 11:10
2026-01-06;12703.0;16436.569423571265;12352.82857142857;21032.363999999998;GLOBAL_W;W;GLOBAL;3733.5694235712654;29.4;1;2026-05-20 11:10
2026-01-07;25423.0;13797.399566717711;9793.284615384615;18393.43724137931;GLOBAL_W;W;GLOBAL;11625.600433282289;45.7;0;2026-05-20 11:10
2026-01-08;7316.0;8649.49356793168;6727.611904761904;11482.050588235295;GLOBAL_W;W;GLOBAL;1333.4935679316804;18.2;1;2026-05-20 11:10
2026-01-09;0.0;0.0;0.0;0.0;GLOBAL_W;W;GLOBAL;0.0;0.0;1;2026-05-20 11:10
2026-01-12;21322.0;24587.311694442047;14313.472727272727;35811.28125;GLOBAL_W;W;GLOBAL;3265.311694442047;15.3;1;2026-05-20 11:10
2026-01-13;17010.0;17373.033143347035;12327.89025974026;22188.086000000003;GLOBAL_W;W;GLOBAL;363.03314334703464;2.1;1;2026-05-20 11:10
2026-01-14;16138.0;16384.379724979204;11715.388181818182;21315.200909090912;GLOBAL_W;W;GLOBAL;246.37972497920418;1.5;1;2026-05-20 11:10
2026-01-15;7510.0;10159.37651132389;6376.335;15191.255555555555;GLOBAL_W;W;GLOBAL;2649.3765113238896;35.3;1;2026-05-20 11:10
2026-01-16;0.0;0.0;0.0;0.0;GLOBAL_W;W;GLOBAL;0.0;0.0;1;2026-05-20 11:10
2026-01-19;14369.0;19782.70131309973;13711.723157894736;27269.464285714286;GLOBAL_W;W;GLOBAL;5413.701313099729;37.7;1;2026-05-20 11:10
2026-01-20;17035.0;15475.15699109205;11025.543749999999;20087.220634920635;GLOBAL_W;W;GLOBAL;1559.8430089079502;9.2;1;2026-05-20 11:10
2026-01-21;19588.0;14374.133604600844;9773.185714285713;18669.23;GLOBAL_W;W;GLOBAL;5213.866395399156;26.6;0;2026-05-20 11:10
2026-01-22;7505.0;8468.253377565235;5910.966666666666;10969.945454545456;GLOBAL_W;W;GLOBAL;963.2533775652355;12.8;1;2026-05-20 11:10
2026-01-23;0.0;0.0;0.0;0.0;GLOBAL_W;W;GLOBAL;0.0;0.0;1;2026-05-20 11:10
2026-01-26;15513.0;19397.8616709628;13372.53111111111;25760.49428571429;GLOBAL_W;W;GLOBAL;3884.8616709628004;25.0;1;2026-05-20 11:10
2026-01-27;17955.0;15574.936443183346;11366.649951124144;19861.401152073733;GLOBAL_W;W;GLOBAL;2380.0635568166545;13.3;1;2026-05-20 11:10
2026-01-28;12709.0;15986.399873343138;12072.46346153846;19912.813461538462;GLOBAL_W;W;GLOBAL;3277.399873343138;25.8;1;2026-05-20 11:10
2026-01-29;8851.0;8226.052850721015;6118.45;10793.516875;GLOBAL_W;W;GLOBAL;624.9471492789853;7.1;1;2026-05-20 11:10
2026-01-30;0.0;0.0;0.0;0.0;GLOBAL_W;W;GLOBAL;0.0;0.0;1;2026-05-20 11:10
2026-02-02;15013.0;17856.414744144262;12473.819999999998;22820.311298076922;GLOBAL_W;W;GLOBAL;2843.414744144262;18.9;1;2026-05-20 11:10
2026-02-03;15919.0;15711.419882404487;11850.392307692306;19529.87307692308;GLOBAL_W;W;GLOBAL;207.580117595513;1.3;1;2026-05-20 11:10
2026-02-04;16556.0;14883.967004115078;11013.663333333334;18781.869565217392;GLOBAL_W;W;GLOBAL;1672.0329958849215;10.1;1;2026-05-20 11:10
2026-02-05;8570.0;8482.307196056703;6377.25016722408;10790.917532467533;GLOBAL_W;W;GLOBAL;87.6928039432969;1.0;1;2026-05-20 11:10
2026-02-06;0.0;0.0;0.0;0.0;GLOBAL_W;W;GLOBAL;0.0;0.0;1;2026-05-20 11:10
2026-02-09;15732.0;18041.147365872104;13803.277272727273;22598.590476190475;GLOBAL_W;W;GLOBAL;2309.1473658721043;14.7;1;2026-05-20 11:10
2026-02-10;14177.0;16008.546865235268;12879.890588235294;19522.97304347826;GLOBAL_W;W;GLOBAL;1831.5468652352683;12.9;1;2026-05-20 11:10
2026-02-11;17352.0;14380.64020331401;11721.323529411764;17319.918333333335;GLOBAL_W;W;GLOBAL;2971.3597966859907;17.1;0;2026-05-20 11:10
2026-02-12;5379.0;7625.313607539024;6451.316666666667;8698.982908545728;GLOBAL_W;W;GLOBAL;2246.313607539024;41.8;0;2026-05-20 11:10
2026-02-13;0.0;0.0;0.0;0.0;GLOBAL_W;W;GLOBAL;0.0;0.0;1;2026-05-20 11:10
2026-02-16;18634.0;21268.238457444284;15288.227499999999;28361.20727272727;GLOBAL_W;W;GLOBAL;2634.238457444284;14.1;1;2026-05-20 11:10
2026-02-17;13491.0;15305.076346428581;12287.103598014888;18555.15;GLOBAL_W;W;GLOBAL;1814.076346428581;13.4;1;2026-05-20 11:10
2026-02-18;10471.0;14420.33465173936;11907.275331564986;17023.85220588235;GLOBAL_W;W;GLOBAL;3949.33465173936;37.7;0;2026-05-20 11:10
2026-02-19;8761.0;7767.102675179411;5586.807575757576;9933.002380952386;GLOBAL_W;W;GLOBAL;993.8973248205893;11.3;1;2026-05-20 11:10
2026-02-20;0.0;0.0;0.0;0.0;GLOBAL_W;W;GLOBAL;0.0;0.0;1;2026-05-20 11:10
2026-02-23;16307.0;18340.41233342036;14526.894999999999;22597.733846153846;GLOBAL_W;W;GLOBAL;2033.4123334203614;12.5;1;2026-05-20 11:10
2026-02-24;15536.0;14599.350718458825;11875.865384615385;17836.65466666667;GLOBAL_W;W;GLOBAL;936.6492815411748;6.0;1;2026-05-20 11:10
2026-02-25;11520.0;14202.533622641582;11107.4125;17638.45925925926;GLOBAL_W;W;GLOBAL;2682.533622641582;23.3;1;2026-05-20 11:10
2026-02-26;10683.0;8179.448375977775;6782.955769230769;9603.721428571429;GLOBAL_W;W;GLOBAL;2503.551624022225;23.4;0;2026-05-20 11:10
