date;pole;client;vol_reel;vol_pred;vol_low;vol_high;z_pred;z_actual;ops_reel;ops_pred;ops_low;ops_high;horodatage
2026-01-02;BULK_S;S;0.0;8.814391414141413;0.0;4.159999999999764;-1.43;-1.45;1;1;1;1;2026-05-21 09:28
2026-01-02;BULK_W;W;0.0;0.0;0.0;0.0;-1.8;-1.8;1;1;1;1;2026-05-21 09:28
2026-01-02;GLOBAL_S;S;0.0;124.26574074074072;0.0;0.0;-1.49;-1.5;1;1;1;1;2026-05-21 09:28
2026-01-02;GLOBAL_W;W;0.0;0.0;0.0;0.0;-1.92;-1.92;1;1;1;1;2026-05-21 09:28
2026-01-02;PICKING_S;S;0.0;103.5512962962963;0.0;0.0;-1.46;-1.49;1;1;1;1;2026-05-21 09:28
2026-01-02;PICKING_W;W;0.0;134.3596785714286;0.0;0.0;-1.67;-1.69;1;1;1;1;2026-05-21 09:28
2026-01-02;PROMO_S;S;0.0;1.885;0.0;0.0;-1.44;-1.45;1;1;1;1;2026-05-21 09:28
2026-01-02;PROMO_W;W;0.0;0.0;0.0;0.0;-1.68;-1.68;1;1;1;1;2026-05-21 09:28
2026-01-05;BULK_S;S;638.0;928.807077920462;463.43125;1325.0114285714285;0.98;0.22;4;5;3;8;2026-05-21 09:28
2026-01-05;BULK_W;W;677.0;426.58788682833637;214.30637681159422;622.597773279352;-0.46;0.32;4;3;2;4;2026-05-21 09:28
2026-01-05;GLOBAL_S;S;13878.0;18964.61366763365;8744.81;30352.102380952383;1.19;0.47;72;99;46;158;2026-05-21 09:28
2026-01-05;GLOBAL_W;W;26299.0;17529.015788386845;11940.88571428571;23174.090476190475;0.19;1.24;137;91;62;121;2026-05-21 09:28
2026-01-05;PICKING_S;S;7061.0;12063.671788447458;5031.768571428571;19793.025000000005;1.0;-0.03;7;11;5;19;2026-05-21 09:28
2026-01-05;PICKING_W;W;15638.0;10736.223519472049;7384.126153846154;15234.532330827067;0.19;1.05;15;10;7;14;2026-05-21 09:28
2026-01-05;PROMO_S;S;6179.0;5304.387912175324;2528.5;7500.2821428571415;0.83;1.2;8;7;3;9;2026-05-21 09:28
2026-01-05;PROMO_W;W;9984.0;7539.632166107086;4825.798214285713;10973.960000000001;0.44;1.13;12;9;6;13;2026-05-21 09:28
2026-01-06;BULK_S;S;525.0;467.44753597622736;153.25256410256407;793.8587912087912;-0.23;-0.08;3;3;1;5;2026-05-21 09:28
2026-01-06;BULK_W;W;741.0;561.8692854442041;258.10499999999996;917.9999999999999;-0.04;0.52;4;4;2;5;2026-05-21 09:28
2026-01-06;GLOBAL_S;S;13398.0;9845.546652408086;6103.664180672268;17123.48021978022;-0.11;0.4;70;52;32;89;2026-05-21 09:28
2026-01-06;GLOBAL_W;W;12703.0;16436.569423571265;12352.82857142857;21032.363999999998;0.06;-0.39;66;86;65;109;2026-05-21 09:28
2026-01-06;PICKING_S;S;7972.0;5157.818911013816;3168.804545454545;7324.930915750918;-0.42;0.16;8;5;3;7;2026-05-21 09:28
2026-01-06;PICKING_W;W;5098.0;8409.447850338229;5507.967832167832;11543.47619047619;-0.22;-0.8;5;8;6;11;2026-05-21 09:28
2026-01-06;PROMO_S;S;4901.0;3983.160871615324;807.6799999999989;6746.85;0.26;0.65;6;5;1;8;2026-05-21 09:28
2026-01-06;PROMO_W;W;6864.0;7624.749220825265;5109.4944444444445;10576.2;0.47;0.25;8;9;6;13;2026-05-21 09:28
2026-01-07;BULK_S;S;1882.0;522.2389287989702;224.5785714285714;830.5733766233766;-0.08;3.47;11;3;2;5;2026-05-21 09:28
2026-01-07;BULK_W;W;1071.0;657.6292472071659;286.1323809523809;986.4157495256167;0.26;1.56;6;4;2;6;2026-05-21 09:28
2026-01-07;GLOBAL_S;S;20454.0;8202.305461570004;6564.261228070175;9890.846376811598;-0.34;1.4;106;43;35;52;2026-05-21 09:28
2026-01-07;GLOBAL_W;W;25423.0;13797.399566717711;9793.284615384615;18393.43724137931;-0.26;1.14;132;72;51;96;2026-05-21 09:28
2026-01-07;PICKING_S;S;10616.0;4800.8735223305275;3351.4109677419356;6223.318534482759;-0.5;0.7;10;5;4;6;2026-05-21 09:28
2026-01-07;PICKING_W;W;11555.0;6427.228690100779;3713.7079999999996;9033.96;-0.56;0.34;11;6;4;9;2026-05-21 09:28
2026-01-07;PROMO_S;S;7956.0;2292.933528016962;1770.687394957983;2869.5285714285715;-0.46;1.96;10;3;3;4;2026-05-21 09:28
2026-01-07;PROMO_W;W;12797.0;6447.058404881953;3862.5874999999996;8647.85;0.13;1.92;15;8;5;10;2026-05-21 09:28
2026-01-08;BULK_S;S;1025.0;852.1701201513483;416.1912087912088;1383.2121428571427;0.78;1.23;6;5;3;8;2026-05-21 09:28
2026-01-08;BULK_W;W;572.0;567.5804198164321;303.16538461538465;868.1168831168832;-0.02;-0.01;4;4;2;5;2026-05-21 09:28
2026-01-08;GLOBAL_S;S;7543.0;8582.728016027277;6279.091941391942;13265.702222222226;-0.29;-0.43;40;45;33;69;2026-05-21 09:28
2026-01-08;GLOBAL_W;W;7316.0;8649.49356793168;6727.611904761904;11482.050588235295;-0.88;-1.04;38;45;35;60;2026-05-21 09:28
2026-01-08;PICKING_S;S;4454.0;5075.13031516714;3651.6776291793312;6328.385225916454;-0.44;-0.57;5;5;4;6;2026-05-21 09:28
2026-01-08;PICKING_W;W;3844.0;4760.975014411512;3079.10625;6544.907692307692;-0.86;-1.02;4;5;3;6;2026-05-21 09:28
2026-01-08;PROMO_S;S;2064.0;2933.7745060653674;1762.7297525309336;6055.333333333333;-0.19;-0.56;3;4;3;7;2026-05-21 09:28
2026-01-08;PROMO_W;W;2900.0;4062.80308179194;2507.4075;6385.953333333337;-0.54;-0.86;4;5;3;8;2026-05-21 09:28
2026-01-09;BULK_S;S;0.0;29.26241686091686;0.0;83.2;-1.37;-1.45;1;1;1;1;2026-05-21 09:28
2026-01-09;BULK_W;W;0.0;0.0;0.0;0.0;-1.8;-1.8;1;1;1;1;2026-05-21 09:28
2026-01-09;GLOBAL_S;S;0.0;172.2001666666667;0.0;0.0;-1.48;-1.5;1;1;1;1;2026-05-21 09:28
2026-01-09;GLOBAL_W;W;0.0;0.0;0.0;0.0;-1.92;-1.92;1;1;1;1;2026-05-21 09:28
2026-01-09;PICKING_S;S;0.0;150.26555555555555;0.0;0.0;-1.45;-1.49;1;1;1;1;2026-05-21 09:28
2026-01-09;PICKING_W;W;0.0;27.781599999999997;0.0;0.0;-1.69;-1.69;1;1;1;1;2026-05-21 09:28
2026-01-09;PROMO_S;S;0.0;16.49375;0.0;0.0;-1.44;-1.45;1;1;1;1;2026-05-21 09:28
2026-01-09;PROMO_W;W;0.0;0.0;0.0;0.0;-1.68;-1.68;1;1;1;1;2026-05-21 09:28
2026-01-12;BULK_S;S;1328.0;1107.8025246144448;536.1772727272726;1764.1499999999999;1.45;2.02;8;6;3;10;2026-05-21 09:28
2026-01-12;BULK_W;W;688.0;734.418242669034;368.5631944444444;1118.128205128205;0.5;0.36;4;4;2;7;2026-05-21 09:28
2026-01-12;GLOBAL_S;S;20757.0;20023.960066294574;8225.359999999999;31512.666666666668;1.34;1.44;108;104;43;164;2026-05-21 09:28
2026-01-12;GLOBAL_W;W;21322.0;24587.311694442047;14313.472727272727;35811.28125;1.04;0.64;111;128;75;186;2026-05-21 09:28
2026-01-12;PICKING_S;S;11845.0;11453.513258126104;4591.699999999999;19862.875000000007;0.88;0.96;11;11;5;19;2026-05-21 09:28
2026-01-12;PICKING_W;W;10779.0;14121.162338520415;7730.569230769231;24684.276923076923;0.79;0.2;10;13;8;23;2026-05-21 09:28
2026-01-12;PROMO_S;S;7584.0;6166.604051326024;3449.3666666666663;8424.21229946524;1.2;1.8;9;8;4;10;2026-05-21 09:28
2026-01-12;PROMO_W;W;9855.0;9699.93376791043;6776.865714285714;12772.1875;1.05;1.09;12;12;8;15;2026-05-21 09:28
2026-01-13;BULK_S;S;272.0;741.4196509385891;253.7160839160839;1256.415;0.49;-0.74;2;4;2;7;2026-05-21 09:28
2026-01-13;BULK_W;W;480.0;631.2313468149202;370.9035714285714;922.1078947368419;0.18;-0.3;3;4;2;5;2026-05-21 09:28
2026-01-13;GLOBAL_S;S;7868.0;13016.083178946985;8881.880655391122;18733.069230769237;0.34;-0.39;41;68;47;98;2026-05-21 09:28
2026-01-13;GLOBAL_W;W;17010.0;17373.033143347035;12327.89025974026;22188.086000000003;0.17;0.13;89;91;64;115;2026-05-21 09:28
2026-01-13;PICKING_S;S;4755.0;6973.502796417277;4847.38023909986;10343.5275;-0.05;-0.5;5;7;5;10;2026-05-21 09:28
2026-01-13;PICKING_W;W;9816.0;8506.490231711401;5585.487692307693;11680.571739130435;-0.2;0.03;9;8;6;11;2026-05-21 09:28
2026-01-13;PROMO_S;S;2841.0;4258.244325427029;3216.7079787234043;6203.546153846153;0.38;-0.23;4;5;4;8;2026-05-21 09:28
2026-01-13;PROMO_W;W;6714.0;8025.0362878207025;5078.883333333332;11261.125;0.58;0.21;8;10;6;13;2026-05-21 09:28
2026-01-14;BULK_S;S;1074.0;827.0278151239825;354.93249999999995;1169.8660130718954;0.71;1.36;6;5;2;7;2026-05-21 09:28
2026-01-14;BULK_W;W;826.0;1035.0000206524064;508.68942307692305;1416.4037500000002;1.45;0.79;5;6;3;8;2026-05-21 09:28
2026-01-14;GLOBAL_S;S;7549.0;7275.583695614462;5259.6;9315.102564102566;-0.47;-0.43;40;38;28;49;2026-05-21 09:28
2026-01-14;GLOBAL_W;W;16138.0;16384.379724979204;11715.388181818182;21315.200909090912;0.05;0.02;84;85;61;111;2026-05-21 09:28
2026-01-14;PICKING_S;S;4518.0;4301.503247957014;2677.983088235294;6012.5978163493855;-0.6;-0.55;5;4;3;6;2026-05-21 09:28
2026-01-14;PICKING_W;W;7214.0;7672.765390160356;5127.982692307693;10155.690441176472;-0.34;-0.42;7;7;5;10;2026-05-21 09:28
2026-01-14;PROMO_S;S;1957.0;2213.05445925479;1552.7788095238095;2788.2835164835165;-0.5;-0.61;3;3;2;4;2026-05-21 09:28
2026-01-14;PROMO_W;W;8098.0;7661.159992864411;5301.99375;10760.122857142858;0.48;0.6;10;9;7;13;2026-05-21 09:28
2026-01-15;BULK_S;S;1218.0;1420.851121932267;926.8;1827.7807622504536;2.27;1.74;7;8;5;10;2026-05-21 09:28
2026-01-15;BULK_W;W;353.0;565.8849685339035;256.55021008403355;934.802564102564;-0.03;-0.69;2;4;2;6;2026-05-21 09:28
2026-01-15;GLOBAL_S;S;8581.0;10067.705533707845;7227.448940589946;15784.716666666667;-0.07;-0.29;45;53;38;82;2026-05-21 09:28
2026-01-15;GLOBAL_W;W;7510.0;10159.37651132389;6376.335;15191.255555555555;-0.7;-1.02;39;53;34;79;2026-05-21 09:28
2026-01-15;PICKING_S;S;3761.0;6265.504348481088;4012.798;9677.484134615384;-0.19;-0.71;4;6;4;9;2026-05-21 09:28
2026-01-15;PICKING_W;W;3853.0;6443.043409357783;4046.409090909091;9249.674812030074;-0.56;-1.01;4;6;4;9;2026-05-21 09:28
2026-01-15;PROMO_S;S;3602.0;2385.322290753497;1801.1643615793118;3093.2433333333333;-0.42;0.1;5;3;3;4;2026-05-21 09:28
2026-01-15;PROMO_W;W;3304.0;5413.965122759794;2460.7388888888886;9479.352083333335;-0.16;-0.75;4;7;3;11;2026-05-21 09:28
2026-01-16;BULK_S;S;0.0;22.22379365079365;0.0;52.0;-1.39;-1.45;1;1;1;1;2026-05-21 09:28
2026-01-16;BULK_W;W;0.0;0.0;0.0;0.0;-1.8;-1.8;1;1;1;1;2026-05-21 09:28
2026-01-16;GLOBAL_S;S;0.0;13.498333333333333;0.0;0.0;-1.5;-1.5;1;1;1;1;2026-05-21 09:28
2026-01-16;GLOBAL_W;W;0.0;0.0;0.0;0.0;-1.92;-1.92;1;1;1;1;2026-05-21 09:28
2026-01-16;PICKING_S;S;0.0;5.951111111111111;0.0;0.0;-1.48;-1.49;1;1;1;1;2026-05-21 09:28
2026-01-16;PICKING_W;W;0.0;0.0;0.0;0.0;-1.69;-1.69;1;1;1;1;2026-05-21 09:28
2026-01-16;PROMO_S;S;0.0;1.2566666666666668;0.0;0.0;-1.44;-1.45;1;1;1;1;2026-05-21 09:28
2026-01-16;PROMO_W;W;0.0;0.0;0.0;0.0;-1.68;-1.68;1;1;1;1;2026-05-21 09:28
2026-01-19;BULK_S;S;1968.0;1145.3750521038849;538.4322727272727;1732.0;1.55;3.7;11;7;3;10;2026-05-21 09:28
2026-01-19;BULK_W;W;644.0;687.3032467840025;275.9871657754011;1242.1894736842105;0.35;0.22;4;4;2;7;2026-05-21 09:28
2026-01-19;GLOBAL_S;S;25613.0;19217.800970668864;9056.692307692305;28531.28000000001;1.22;2.13;133;100;47;148;2026-05-21 09:28
2026-01-19;GLOBAL_W;W;14369.0;19782.70131309973;13711.723157894736;27269.464285714286;0.46;-0.19;75;103;72;142;2026-05-21 09:28
2026-01-19;PICKING_S;S;15170.0;10362.756537052815;4009.680952380952;16401.34837662338;0.65;1.64;14;10;4;15;2026-05-21 09:28
2026-01-19;PICKING_W;W;7697.0;10337.186024829365;7655.116387959866;14122.274866310161;0.12;-0.34;8;10;7;13;2026-05-21 09:28
2026-01-19;PROMO_S;S;8475.0;6515.814453691474;3040.466666666666;8281.87;1.35;2.18;10;8;4;10;2026-05-21 09:28
2026-01-19;PROMO_W;W;6028.0;8683.028691280486;6011.08875;11914.716666666669;0.76;0.02;7;10;7;14;2026-05-21 09:28
2026-01-20;BULK_S;S;218.0;670.1029198655431;202.6674208144796;1281.2821428571428;0.3;-0.88;2;4;2;7;2026-05-21 09:28
2026-01-20;BULK_W;W;521.0;520.5842640749048;312.48571428571427;759.8285714285713;-0.17;-0.17;3;3;2;5;2026-05-21 09:28
2026-01-20;GLOBAL_S;S;9503.0;11705.996236210918;8836.51575;16899.827500000007;0.16;-0.16;50;61;46;88;2026-05-21 09:28
2026-01-20;GLOBAL_W;W;17035.0;15475.15699109205;11025.543749999999;20087.220634920635;-0.06;0.13;89;81;58;105;2026-05-21 09:28
2026-01-20;PICKING_S;S;5386.0;6248.590266805597;4900.237967914439;7942.241071428574;-0.2;-0.37;5;6;5;8;2026-05-21 09:28
2026-01-20;PICKING_W;W;9621.0;8468.78862946743;5671.639999999999;11395.603324808184;-0.2;-0.0;9;8;6;11;2026-05-21 09:28
2026-01-20;PROMO_S;S;3899.0;3981.3281187428906;2942.653365384615;5581.363636363636;0.26;0.22;5;5;4;7;2026-05-21 09:28
2026-01-20;PROMO_W;W;6893.0;6855.658864442347;3991.5900621118008;9754.423076923076;0.25;0.26;8;8;5;12;2026-05-21 09:28
2026-01-21;BULK_S;S;708.0;880.9543356749921;341.2111111111111;1586.8;0.86;0.4;4;5;2;9;2026-05-21 09:28
2026-01-21;BULK_W;W;1253.0;697.7550173042962;347.88865546218483;1025.02;0.39;2.13;7;4;2;6;2026-05-21 09:28
2026-01-21;GLOBAL_S;S;8842.0;7189.807807162252;6214.335128205128;8037.347072535309;-0.48;-0.25;46;38;33;42;2026-05-21 09:28
2026-01-21;GLOBAL_W;W;19588.0;14374.133604600844;9773.185714285713;18669.23;-0.19;0.44;102;75;51;97;2026-05-21 09:28
2026-01-21;PICKING_S;S;6674.0;4594.396407867954;3351.4156265356264;5644.191666666668;-0.54;-0.11;7;5;4;6;2026-05-21 09:28
2026-01-21;PICKING_W;W;9492.0;6075.5822828661685;3567.0624999999995;8647.473846153845;-0.62;-0.02;9;6;4;8;2026-05-21 09:28
2026-01-21;PROMO_S;S;1460.0;2298.3435479053146;1546.657162949568;3483.8275;-0.46;-0.82;2;3;2;4;2026-05-21 09:28
2026-01-21;PROMO_W;W;8843.0;6561.818938062403;3909.4166666666665;8850.225;0.17;0.81;11;8;5;11;2026-05-21 09:28
2026-01-22;BULK_S;S;1262.0;1253.2459362435723;697.15;1795.2960317460315;1.83;1.85;7;7;4;10;2026-05-21 09:28
2026-01-22;BULK_W;W;861.0;468.23678475250415;242.48111888111887;765.75;-0.33;0.9;5;3;2;5;2026-05-21 09:28
2026-01-22;GLOBAL_S;S;9224.0;8704.332077539306;7119.89149659864;10707.568125000007;-0.27;-0.19;48;46;37;56;2026-05-21 09:28
2026-01-22;GLOBAL_W;W;7505.0;8468.253377565235;5910.966666666666;10969.945454545456;-0.9;-1.02;39;44;31;57;2026-05-21 09:28
2026-01-22;PICKING_S;S;4985.0;5384.110788730411;3792.2179487179487;6805.589285714286;-0.37;-0.46;5;5;4;7;2026-05-21 09:28
2026-01-22;PICKING_W;W;3491.0;4929.459037965094;2917.913888888889;7578.8614285714275;-0.83;-1.08;4;5;3;7;2026-05-21 09:28
2026-01-22;PROMO_S;S;2977.0;2275.583184860057;1738.7173076923077;3190.8609090909094;-0.47;-0.17;4;3;2;4;2026-05-21 09:28
2026-01-22;PROMO_W;W;3153.0;4145.665952912004;2292.1056818181814;6635.7571428571455;-0.51;-0.79;4;5;3;8;2026-05-21 09:28
2026-01-23;BULK_S;S;0.0;15.20626792380325;0.0;42.062222222222196;-1.41;-1.45;1;1;1;1;2026-05-21 09:28
2026-01-23;BULK_W;W;0.0;0.0;0.0;0.0;-1.8;-1.8;1;1;1;1;2026-05-21 09:28
2026-01-23;GLOBAL_S;S;0.0;0.0;0.0;0.0;-1.5;-1.5;1;1;1;1;2026-05-21 09:28
2026-01-23;GLOBAL_W;W;0.0;0.0;0.0;0.0;-1.92;-1.92;1;1;1;1;2026-05-21 09:28
2026-01-23;PICKING_S;S;0.0;0.0;0.0;0.0;-1.49;-1.49;1;1;1;1;2026-05-21 09:28
2026-01-23;PICKING_W;W;0.0;0.0;0.0;0.0;-1.69;-1.69;1;1;1;1;2026-05-21 09:28
2026-01-23;PROMO_S;S;0.0;0.0;0.0;0.0;-1.45;-1.45;1;1;1;1;2026-05-21 09:28
2026-01-23;PROMO_W;W;0.0;0.0;0.0;0.0;-1.68;-1.68;1;1;1;1;2026-05-21 09:28
2026-01-26;BULK_S;S;1833.0;1257.3902417479046;679.6630434782608;1840.107142857143;1.84;3.35;10;7;4;10;2026-05-21 09:28
2026-01-26;BULK_W;W;628.0;721.8906820541101;377.7307692307692;1211.61;0.46;0.17;4;4;3;7;2026-05-21 09:28
2026-01-26;GLOBAL_S;S;25842.0;22721.554319314204;12698.616666666661;30290.86333333334;1.72;2.16;134;118;66;157;2026-05-21 09:28
2026-01-26;GLOBAL_W;W;15513.0;19397.8616709628;13372.53111111111;25760.49428571429;0.41;-0.05;81;101;70;134;2026-05-21 09:28
2026-01-26;PICKING_S;S;14514.0;12591.764735428333;5459.224999999999;18261.016666666666;1.11;1.51;14;12;5;17;2026-05-21 09:28
2026-01-26;PICKING_W;W;8625.0;10765.768684090512;7094.7875;15994.557435897434;0.2;-0.18;8;10;7;15;2026-05-21 09:28
2026-01-26;PROMO_S;S;9495.0;6698.834127630186;5290.351388888888;7995.45652173913;1.42;2.62;11;8;7;10;2026-05-21 09:28
2026-01-26;PROMO_W;W;6260.0;7829.541661386853;4208.499999999998;10945.207142857143;0.52;0.08;8;9;5;13;2026-05-21 09:28
2026-01-27;BULK_S;S;327.0;609.8599548229323;198.495;1074.1105263157895;0.15;-0.59;2;4;2;6;2026-05-21 09:28
2026-01-27;BULK_W;W;289.0;583.8649162897593;367.7267942583732;809.0833333333334;0.03;-0.9;2;4;2;5;2026-05-21 09:28
2026-01-27;GLOBAL_S;S;9497.0;11071.419154004947;8503.203034055728;15176.551746031755;0.07;-0.16;50;58;45;79;2026-05-21 09:28
2026-01-27;GLOBAL_W;W;17955.0;15574.936443183346;11366.649951124144;19861.401152073733;-0.05;0.24;94;81;59;103;2026-05-21 09:28
2026-01-27;PICKING_S;S;5291.0;5993.625225872307;4753.699341297309;7579.651298701302;-0.25;-0.39;5;6;5;7;2026-05-21 09:28
2026-01-27;PICKING_W;W;11608.0;8310.969808415748;5748.001428571428;11629.04936061381;-0.23;0.35;11;8;6;11;2026-05-21 09:28
2026-01-27;PROMO_S;S;3879.0;4228.6865333521055;3316.606669207317;6000.468333333332;0.37;0.22;5;5;4;7;2026-05-21 09:28
2026-01-27;PROMO_W;W;6058.0;7263.213381591541;5294.741666666667;10021.623376623378;0.36;0.03;7;9;7;12;2026-05-21 09:28
2026-01-28;BULK_S;S;638.0;771.2061535203522;346.4333333333333;1237.85625;0.57;0.22;4;5;2;7;2026-05-21 09:28
2026-01-28;BULK_W;W;809.0;822.6738668135004;485.6602564102564;1208.0125;0.78;0.74;5;5;3;7;2026-05-21 09:28
2026-01-28;GLOBAL_S;S;5767.0;7197.065410983058;6280.427637221269;8241.60054347826;-0.48;-0.69;30;38;33;43;2026-05-21 09:28
2026-01-28;GLOBAL_W;W;12709.0;15986.399873343138;12072.46346153846;19912.813461538462;0.0;-0.39;66;83;63;104;2026-05-21 09:28
2026-01-28;PICKING_S;S;3373.0;4655.272135488674;3623.8442307692303;5582.308571428572;-0.53;-0.79;4;5;4;6;2026-05-21 09:28
2026-01-28;PICKING_W;W;6813.0;6484.962053896914;4242.318181818182;8993.546153846153;-0.55;-0.5;7;6;4;9;2026-05-21 09:28
2026-01-28;PROMO_S;S;1756.0;2010.1184275326027;1544.8343074091117;2598.8257575757575;-0.58;-0.69;3;3;2;3;2026-05-21 09:28
2026-01-28;PROMO_W;W;5087.0;7060.59143201866;5274.084126984127;9034.87;0.31;-0.25;6;9;7;11;2026-05-21 09:28
2026-01-29;BULK_S;S;1407.0;1272.3158537017944;730.8345108695652;1768.8102222222221;1.88;2.23;8;7;4;10;2026-05-21 09:28
2026-01-29;BULK_W;W;483.0;555.8976952560015;264.175;889.86375;-0.06;-0.29;3;3;2;5;2026-05-21 09:28
2026-01-29;GLOBAL_S;S;9009.0;8664.154055257743;7086.446885245901;10388.361458333335;-0.27;-0.23;47;45;37;54;2026-05-21 09:28
2026-01-29;GLOBAL_W;W;8851.0;8226.052850721015;6118.45;10793.516875;-0.93;-0.86;46;43;32;56;2026-05-21 09:28
2026-01-29;PICKING_S;S;4959.0;5239.643993619988;3786.4066849816845;6240.975818312906;-0.4;-0.46;5;5;4;6;2026-05-21 09:28
2026-01-29;PICKING_W;W;4718.0;4572.415925872039;3007.730952380952;6445.715;-0.89;-0.86;5;5;3;6;2026-05-21 09:28
2026-01-29;PROMO_S;S;2643.0;2310.9440973990263;1782.6963672676238;2985.71619047619;-0.46;-0.31;4;3;3;4;2026-05-21 09:28
2026-01-29;PROMO_W;W;3650.0;3497.8576134949194;2236.9590909090907;4990.504545454548;-0.69;-0.65;5;4;3;6;2026-05-21 09:28
2026-01-30;BULK_S;S;0.0;11.644631368028108;0.0;46.22222222222222;-1.42;-1.45;1;1;1;1;2026-05-21 09:28
2026-01-30;BULK_W;W;0.0;0.0;0.0;0.0;-1.8;-1.8;1;1;1;1;2026-05-21 09:28
2026-01-30;GLOBAL_S;S;0.0;0.0;0.0;0.0;-1.5;-1.5;1;1;1;1;2026-05-21 09:28
2026-01-30;GLOBAL_W;W;0.0;0.0;0.0;0.0;-1.92;-1.92;1;1;1;1;2026-05-21 09:28
2026-01-30;PICKING_S;S;0.0;0.0;0.0;0.0;-1.49;-1.49;1;1;1;1;2026-05-21 09:28
2026-01-30;PICKING_W;W;0.0;0.0;0.0;0.0;-1.69;-1.69;1;1;1;1;2026-05-21 09:28
2026-01-30;PROMO_S;S;0.0;0.9425;0.0;0.0;-1.44;-1.45;1;1;1;1;2026-05-21 09:28
2026-01-30;PROMO_W;W;0.0;0.0;0.0;0.0;-1.68;-1.68;1;1;1;1;2026-05-21 09:28
2026-02-02;BULK_S;S;1404.0;1467.0616610415302;870.4314285714286;1905.979411764706;2.39;2.22;8;8;5;11;2026-05-21 09:28
2026-02-02;BULK_W;W;441.0;612.3012052877591;340.3180555555555;878.7961904761904;0.12;-0.42;3;4;2;5;2026-05-21 09:28
2026-02-02;GLOBAL_S;S;26261.0;23699.67120277559;15381.221428571425;31599.427272727284;1.86;2.22;137;123;80;164;2026-05-21 09:28
2026-02-02;GLOBAL_W;W;15013.0;17856.414744144262;12473.819999999998;22820.311298076922;0.23;-0.12;78;93;65;119;2026-05-21 09:28
2026-02-02;PICKING_S;S;14143.0;13685.237186544295;7577.088095238096;18814.100000000006;1.34;1.43;13;13;7;18;2026-05-21 09:28
2026-02-02;PICKING_W;W;7711.0;9869.153528484268;7094.487619047619;13079.235338345865;0.04;-0.34;8;9;7;12;2026-05-21 09:28
2026-02-02;PROMO_S;S;10714.0;7557.355809724843;5723.28689733409;9401.01;1.79;3.14;13;9;7;11;2026-05-21 09:28
2026-02-02;PROMO_W;W;6861.0;7229.490260968201;5856.76;9463.22;0.35;0.25;8;9;7;11;2026-05-21 09:28
2026-02-03;BULK_S;S;283.0;505.4765119743599;196.68923076923073;920.8866666666664;-0.13;-0.71;2;3;2;5;2026-05-21 09:28
2026-02-03;BULK_W;W;421.0;544.8127249434689;324.98;839.092857142857;-0.09;-0.48;3;3;2;5;2026-05-21 09:28
2026-02-03;GLOBAL_S;S;10225.0;10487.405420436595;8654.794855381697;12623.607135135137;-0.02;-0.05;53;55;45;66;2026-05-21 09:28
2026-02-03;GLOBAL_W;W;15919.0;15711.419882404487;11850.392307692306;19529.87307692308;-0.03;-0.01;83;82;62;102;2026-05-21 09:28
2026-02-03;PICKING_S;S;5757.0;5943.063302498843;4907.770046082949;7076.913856691254;-0.26;-0.3;6;6;5;7;2026-05-21 09:28
2026-02-03;PICKING_W;W;9315.0;8469.35602845761;5800.62;10930.376518218623;-0.2;-0.06;9;8;6;10;2026-05-21 09:28
2026-02-03;PROMO_S;S;4185.0;4198.7359640943205;3354.9141608391606;5346.762352941176;0.35;0.35;5;5;4;7;2026-05-21 09:28
2026-02-03;PROMO_W;W;6183.0;6959.30836525188;5004.96923076923;10154.875;0.28;0.06;8;8;6;12;2026-05-21 09:28
2026-02-04;BULK_S;S;586.0;656.5969716956898;328.7830769230769;1149.6208695652174;0.27;0.08;4;4;2;7;2026-05-21 09:28
2026-02-04;BULK_W;W;803.0;787.3435618539842;313.16278195488724;1239.465;0.67;0.72;5;5;2;7;2026-05-21 09:28
2026-02-04;GLOBAL_S;S;6794.0;7207.343147081013;6305.348968253968;8312.285649054142;-0.48;-0.54;36;38;33;44;2026-05-21 09:28
2026-02-04;GLOBAL_W;W;16556.0;14883.967004115078;11013.663333333334;18781.869565217392;-0.13;0.07;86;78;58;98;2026-05-21 09:28
2026-02-04;PICKING_S;S;4573.0;4514.748765283161;3484.4169787234046;5454.468457918552;-0.55;-0.54;5;5;4;5;2026-05-21 09:28
2026-02-04;PICKING_W;W;9162.0;6990.97804207541;4664.743333333333;9525.400701754384;-0.46;-0.08;9;7;5;9;2026-05-21 09:28
2026-02-04;PROMO_S;S;1635.0;2024.790690987245;1580.5099865591396;2641.3356296296297;-0.58;-0.75;2;3;2;4;2026-05-21 09:28
2026-02-04;PROMO_W;W;6591.0;6339.092588935215;5121.265454545454;8221.0625;0.1;0.17;8;8;6;10;2026-05-21 09:28
2026-02-05;BULK_S;S;1281.0;1253.8898360800954;762.2431818181816;1783.4859903381641;1.83;1.9;7;7;5;10;2026-05-21 09:28
2026-02-05;BULK_W;W;364.0;477.02610822597444;281.8707692307692;658.776923076923;-0.31;-0.66;2;3;2;4;2026-05-21 09:28
2026-02-05;GLOBAL_S;S;6934.0;8700.121415587631;7103.348445504327;10565.0976100629;-0.27;-0.52;36;46;37;55;2026-05-21 09:28
2026-02-05;GLOBAL_W;W;8570.0;8482.307196056703;6377.25016722408;10790.917532467533;-0.9;-0.89;45;44;34;56;2026-05-21 09:28
2026-02-05;PICKING_S;S;3442.0;5204.7151533698325;3797.1890465631927;6336.884033613445;-0.41;-0.78;4;5;4;6;2026-05-21 09:28
2026-02-05;PICKING_W;W;4721.0;5578.290901719714;3010.934389140271;9629.497878787877;-0.71;-0.86;5;6;3;9;2026-05-21 09:28
2026-02-05;PROMO_S;S;2211.0;2532.189665375839;1860.6241191121528;3559.7190476190476;-0.36;-0.5;3;3;3;5;2026-05-21 09:28
2026-02-05;PROMO_W;W;3485.0;3754.7353829951912;2490.5533333333333;5495.5074509803935;-0.62;-0.7;4;5;3;7;2026-05-21 09:28
2026-02-06;BULK_S;S;0.0;7.097324549846289;0.0;0.0;-1.43;-1.45;1;1;1;1;2026-05-21 09:28
2026-02-06;BULK_W;W;0.0;0.0;0.0;0.0;-1.8;-1.8;1;1;1;1;2026-05-21 09:28
2026-02-06;GLOBAL_S;S;0.0;0.0;0.0;0.0;-1.5;-1.5;1;1;1;1;2026-05-21 09:28
2026-02-06;GLOBAL_W;W;0.0;0.0;0.0;0.0;-1.92;-1.92;1;1;1;1;2026-05-21 09:28
2026-02-06;PICKING_S;S;0.0;0.0;0.0;0.0;-1.49;-1.49;1;1;1;1;2026-05-21 09:28
2026-02-06;PICKING_W;W;0.0;0.0;0.0;0.0;-1.69;-1.69;1;1;1;1;2026-05-21 09:28
2026-02-06;PROMO_S;S;0.0;0.0;0.0;0.0;-1.45;-1.45;1;1;1;1;2026-05-21 09:28
2026-02-06;PROMO_W;W;0.0;0.0;0.0;0.0;-1.68;-1.68;1;1;1;1;2026-05-21 09:28
2026-02-09;BULK_S;S;1508.0;1328.2315689721624;917.2333333333333;1775.0541666666666;2.03;2.5;9;8;5;10;2026-05-21 09:28
2026-02-09;BULK_W;W;548.0;533.9869670417403;346.3670329670329;697.535294117647;-0.13;-0.08;3;3;2;4;2026-05-21 09:28
2026-02-09;GLOBAL_S;S;23961.0;22285.819629081492;15982.483333333334;27472.314375;1.66;1.9;125;116;83;143;2026-05-21 09:28
2026-02-09;GLOBAL_W;W;15732.0;18041.147365872104;13803.277272727273;22598.590476190475;0.25;-0.03;82;94;72;118;2026-05-21 09:28
2026-02-09;PICKING_S;S;12410.0;13339.261775255007;9871.966666666665;16036.173076923078;1.27;1.07;12;13;9;15;2026-05-21 09:28
2026-02-09;PICKING_W;W;8297.0;11289.678033691984;7650.820098039216;15320.512941176472;0.29;-0.23;8;11;7;14;2026-05-21 09:28
2026-02-09;PROMO_S;S;10043.0;7165.208022103124;5391.015714285714;9012.179999999998;1.62;2.86;12;9;7;11;2026-05-21 09:28
2026-02-09;PROMO_W;W;6887.0;7194.72046512831;6094.3214285714275;8604.733173076922;0.34;0.26;8;9;7;10;2026-05-21 09:28
2026-02-10;BULK_S;S;398.0;458.88777356652673;205.3940476190476;784.4371428571428;-0.25;-0.41;3;3;2;5;2026-05-21 09:28
2026-02-10;BULK_W;W;324.0;468.4193251421237;308.3044871794871;651.9681818181817;-0.33;-0.79;2;3;2;4;2026-05-21 09:28
2026-02-10;GLOBAL_S;S;10402.0;10162.776405722216;8464.743687794657;12401.976445993032;-0.06;-0.03;54;53;44;65;2026-05-21 09:28
2026-02-10;GLOBAL_W;W;14177.0;16008.546865235268;12879.890588235294;19522.97304347826;0.0;-0.22;74;83;67;102;2026-05-21 09:28
2026-02-10;PICKING_S;S;6314.0;5940.583082256847;4844.3597008547;7060.30671921922;-0.26;-0.18;6;6;5;7;2026-05-21 09:28
2026-02-10;PICKING_W;W;8413.0;8622.536958840305;6656.529166666666;10554.91568627451;-0.18;-0.21;8;8;7;10;2026-05-21 09:28
2026-02-10;PROMO_S;S;3690.0;3983.8680458560684;3360.397727272727;4693.181749369218;0.26;0.14;5;5;4;6;2026-05-21 09:28
2026-02-10;PROMO_W;W;5440.0;6611.621058964444;5300.927272727272;7977.9087500000005;0.18;-0.15;7;8;7;10;2026-05-21 09:28
2026-02-11;BULK_S;S;778.0;645.4830503140464;369.9133333333333;988.7127272727273;0.24;0.59;5;4;2;6;2026-05-21 09:28
2026-02-11;BULK_W;W;885.0;599.5012220777198;285.155;938.0470588235294;0.08;0.97;5;4;2;6;2026-05-21 09:28
2026-02-11;GLOBAL_S;S;8895.0;7050.506198422265;6233.094041514041;7895.136410008961;-0.5;-0.24;47;37;33;41;2026-05-21 09:28
2026-02-11;GLOBAL_W;W;17352.0;14380.64020331401;11721.323529411764;17319.918333333335;-0.19;0.17;90;75;61;90;2026-05-21 09:28
2026-02-11;PICKING_S;S;4953.0;4412.836416793573;3383.171978021978;5329.253663003663;-0.58;-0.46;5;5;4;5;2026-05-21 09:28
2026-02-11;PICKING_W;W;8385.0;6677.24944979198;4856.86875;8657.64612794613;-0.52;-0.22;8;7;5;8;2026-05-21 09:28
2026-02-11;PROMO_S;S;3164.0;1890.069210597179;1546.5851084337348;2176.8214285714284;-0.64;-0.09;4;3;2;3;2026-05-21 09:28
2026-02-11;PROMO_W;W;8082.0;6309.561271330896;5110.10979020979;7700.028571428572;0.1;0.59;10;8;6;9;2026-05-21 09:28
2026-02-12;BULK_S;S;796.0;1379.4145686888453;1011.8582417582417;1780.27;2.16;0.63;5;8;6;10;2026-05-21 09:28
2026-02-12;BULK_W;W;389.0;421.78170335899637;247.978947368421;623.4833333333333;-0.48;-0.58;3;3;2;4;2026-05-21 09:28
2026-02-12;GLOBAL_S;S;4690.0;8256.74453143939;7162.001463114123;9343.276347708896;-0.33;-0.84;25;43;38;49;2026-05-21 09:28
2026-02-12;GLOBAL_W;W;5379.0;7625.313607539024;6451.316666666667;8698.982908545728;-1.0;-1.27;28;40;34;46;2026-05-21 09:28
2026-02-12;PICKING_S;S;2855.0;4954.741224012006;3834.02;5917.776402439024;-0.46;-0.9;3;5;4;6;2026-05-21 09:28
2026-02-12;PICKING_W;W;3181.0;4319.219904017021;3285.4423558897242;5230.513299232736;-0.93;-1.13;3;4;3;5;2026-05-21 09:28
2026-02-12;PROMO_S;S;1039.0;2190.9403783596563;1840.6721964244252;2569.8391402714933;-0.51;-1.0;2;3;3;3;2026-05-21 09:28
2026-02-12;PROMO_W;W;1809.0;3129.1705326414644;2381.0142857142855;3626.53;-0.8;-1.17;3;4;3;5;2026-05-21 09:28
2026-02-13;BULK_S;S;0.0;8.049242424242424;0.0;0.0;-1.43;-1.45;1;1;1;1;2026-05-21 09:28
2026-02-13;BULK_W;W;0.0;0.0;0.0;0.0;-1.8;-1.8;1;1;1;1;2026-05-21 09:28
2026-02-13;GLOBAL_S;S;0.0;0.0;0.0;0.0;-1.5;-1.5;1;1;1;1;2026-05-21 09:28
2026-02-13;GLOBAL_W;W;0.0;0.0;0.0;0.0;-1.92;-1.92;1;1;1;1;2026-05-21 09:28
2026-02-13;PICKING_S;S;0.0;0.0;0.0;0.0;-1.49;-1.49;1;1;1;1;2026-05-21 09:28
2026-02-13;PICKING_W;W;0.0;0.0;0.0;0.0;-1.69;-1.69;1;1;1;1;2026-05-21 09:28
2026-02-13;PROMO_S;S;0.0;0.0;0.0;0.0;-1.45;-1.45;1;1;1;1;2026-05-21 09:28
2026-02-13;PROMO_W;W;0.0;0.0;0.0;0.0;-1.68;-1.68;1;1;1;1;2026-05-21 09:28
2026-02-16;BULK_S;S;1053.0;1173.2031069562386;859.3514285714285;1589.803333333333;1.62;1.31;6;7;5;9;2026-05-21 09:28
2026-02-16;BULK_W;W;1579.0;557.0501616703542;360.8206349206349;749.1007407407407;-0.05;3.15;9;3;2;5;2026-05-21 09:28
2026-02-16;GLOBAL_S;S;17199.0;23235.095546495522;20174.17090909091;26686.108823529416;1.79;0.94;90;121;105;139;2026-05-21 09:28
2026-02-16;GLOBAL_W;W;18634.0;21268.238457444284;15288.227499999999;28361.20727272727;0.64;0.32;97;111;80;147;2026-05-21 09:28
2026-02-16;PICKING_S;S;9457.0;13536.968696523747;11543.84761904762;15736.300000000001;1.31;0.47;9;13;11;15;2026-05-21 09:28
2026-02-16;PICKING_W;W;9608.0;12437.308043540283;7947.093181818182;17656.416923076915;0.49;-0.0;9;12;8;17;2026-05-21 09:28
2026-02-16;PROMO_S;S;6689.0;7987.448416845901;5964.018653846153;10342.949999999999;1.98;1.42;8;10;7;12;2026-05-21 09:28
2026-02-16;PROMO_W;W;7447.0;7481.095633868271;6110.106493506493;9200.507692307692;0.42;0.42;9;9;7;11;2026-05-21 09:28
2026-02-17;BULK_S;S;515.0;445.8768914030697;227.5033333333333;796.7181318681318;-0.28;-0.1;3;3;2;5;2026-05-21 09:28
2026-02-17;BULK_W;W;538.0;525.0039646701679;331.5258928571428;748.9233766233765;-0.16;-0.11;3;3;2;5;2026-05-21 09:28
2026-02-17;GLOBAL_S;S;8480.0;10678.789944271219;8617.34972899729;13578.250000000004;0.01;-0.3;44;56;45;71;2026-05-21 09:28
2026-02-17;GLOBAL_W;W;13491.0;15305.076346428581;12287.103598014888;18555.15;-0.08;-0.3;70;80;64;97;2026-05-21 09:28
2026-02-17;PICKING_S;S;4362.0;6055.656829842373;4811.085033813584;7370.596066517429;-0.24;-0.59;4;6;5;7;2026-05-21 09:28
2026-02-17;PICKING_W;W;6525.0;8525.141617095573;6674.3099999999995;10747.451242236026;-0.19;-0.55;6;8;7;10;2026-05-21 09:28
2026-02-17;PROMO_S;S;3603.0;4015.742777523332;3429.168157423971;4585.20906862745;0.27;0.1;5;5;4;6;2026-05-21 09:28
2026-02-17;PROMO_W;W;6428.0;6418.1199938720965;5264.885858585859;7644.330000000001;0.13;0.13;8;8;7;9;2026-05-21 09:28
2026-02-18;BULK_S;S;398.0;614.6894879527426;357.2966666666667;895.8584210526316;0.16;-0.41;3;4;2;5;2026-05-21 09:28
2026-02-18;BULK_W;W;667.0;1003.0033254667452;639.6820512820511;1301.7480769230767;1.35;0.29;4;6;4;7;2026-05-21 09:28
2026-02-18;GLOBAL_S;S;4484.0;7187.422886090338;6332.361127819549;8000.5144974874365;-0.48;-0.87;24;38;33;42;2026-05-21 09:28
2026-02-18;GLOBAL_W;W;10471.0;14420.33465173936;11907.275331564986;17023.85220588235;-0.19;-0.66;55;75;62;89;2026-05-21 09:28
2026-02-18;PICKING_S;S;2877.0;4425.588907412368;3372.3342764378476;5261.032134209616;-0.57;-0.89;3;5;4;5;2026-05-21 09:28
2026-02-18;PICKING_W;W;5073.0;6716.611886242267;4908.821428571428;8496.872115384615;-0.51;-0.8;5;7;5;8;2026-05-21 09:28
2026-02-18;PROMO_S;S;1209.0;1972.0588823616738;1583.940622168529;2333.576262083781;-0.6;-0.93;2;3;2;3;2026-05-21 09:28
2026-02-18;PROMO_W;W;4731.0;6569.767960102725;5283.413333333333;8056.084722222223;0.17;-0.35;6;8;7;10;2026-05-21 09:28
2026-02-19;BULK_S;S;962.0;1141.39967114721;813.9749999999999;1540.0266666666664;1.54;1.07;6;7;5;9;2026-05-21 09:28
2026-02-19;BULK_W;W;515.0;502.5500480320446;290.08251748251746;709.5066666666667;-0.23;-0.19;3;3;2;4;2026-05-21 09:28
2026-02-19;GLOBAL_S;S;6218.0;8121.004133926388;6956.569192477876;9385.702806122452;-0.35;-0.62;33;43;37;49;2026-05-21 09:28
2026-02-19;GLOBAL_W;W;8761.0;7767.102675179411;5586.807575757576;9933.002380952386;-0.99;-0.87;46;41;29;52;2026-05-21 09:28
2026-02-19;PICKING_S;S;3524.0;4851.056386734583;3639.5313782991198;5891.04963856977;-0.48;-0.76;4;5;4;6;2026-05-21 09:28
2026-02-19;PICKING_W;W;4931.0;4441.10239940438;3051.108333333333;6162.759999999998;-0.91;-0.83;5;5;3;6;2026-05-21 09:28
2026-02-19;PROMO_S;S;1732.0;2108.8299641695558;1779.2556840934371;2615.125;-0.54;-0.7;2;3;3;3;2026-05-21 09:28
2026-02-19;PROMO_W;W;3315.0;3537.239829309311;2152.9153846153845;6223.241666666668;-0.68;-0.75;4;5;3;8;2026-05-21 09:28
2026-02-20;BULK_S;S;0.0;3.4365959595959596;0.0;0.0;-1.44;-1.45;1;1;1;1;2026-05-21 09:28
2026-02-20;BULK_W;W;0.0;0.0;0.0;0.0;-1.8;-1.8;1;1;1;1;2026-05-21 09:28
2026-02-20;GLOBAL_S;S;0.0;0.0;0.0;0.0;-1.5;-1.5;1;1;1;1;2026-05-21 09:28
2026-02-20;GLOBAL_W;W;0.0;0.0;0.0;0.0;-1.92;-1.92;1;1;1;1;2026-05-21 09:28
2026-02-20;PICKING_S;S;0.0;0.0;0.0;0.0;-1.49;-1.49;1;1;1;1;2026-05-21 09:28
2026-02-20;PICKING_W;W;0.0;0.0;0.0;0.0;-1.69;-1.69;1;1;1;1;2026-05-21 09:28
2026-02-20;PROMO_S;S;0.0;0.0;0.0;0.0;-1.45;-1.45;1;1;1;1;2026-05-21 09:28
2026-02-20;PROMO_W;W;0.0;0.0;0.0;0.0;-1.68;-1.68;1;1;1;1;2026-05-21 09:28
2026-02-23;BULK_S;S;2011.0;1159.2564172986365;872.3892448512586;1634.3309523809523;1.58;3.81;11;7;5;9;2026-05-21 09:28
2026-02-23;BULK_W;W;604.0;730.3832426757642;463.3648148148148;1099.9621553884713;0.49;0.09;4;4;3;6;2026-05-21 09:28
2026-02-23;GLOBAL_S;S;26235.0;21291.36734545816;17248.8;25622.666071428575;1.52;2.22;136;111;90;133;2026-05-21 09:28
2026-02-23;GLOBAL_W;W;16307.0;18340.41233342036;14526.894999999999;22597.733846153846;0.29;0.04;85;96;76;118;2026-05-21 09:28
2026-02-23;PICKING_S;S;14993.0;12537.283786417604;10108.76;15053.727272727272;1.1;1.61;14;12;10;14;2026-05-21 09:28
2026-02-23;PICKING_W;W;7851.0;10602.919475268409;7977.366666666667;12944.122023809523;0.17;-0.31;8;10;8;12;2026-05-21 09:28
2026-02-23;PROMO_S;S;9231.0;7143.613094697997;5781.289333333333;8648.68198757764;1.61;2.51;11;9;7;10;2026-05-21 09:28
2026-02-23;PROMO_W;W;7852.0;7464.942143105131;6181.37;9312.366666666667;0.42;0.53;9;9;8;11;2026-05-21 09:28
2026-02-24;BULK_S;S;653.0;485.9602546837579;230.2723076923077;791.8171428571428;-0.18;0.26;4;3;2;5;2026-05-21 09:28
2026-02-24;BULK_W;W;404.0;536.9378679810528;337.92478632478634;747.6860139860139;-0.12;-0.53;3;3;2;5;2026-05-21 09:28
2026-02-24;GLOBAL_S;S;17761.0;10286.312909596689;8498.14150943396;12119.188843813388;-0.04;1.02;93;54;45;63;2026-05-21 09:28
2026-02-24;GLOBAL_W;W;15536.0;14599.350718458825;11875.865384615385;17836.65466666667;-0.16;-0.05;81;76;62;93;2026-05-21 09:28
2026-02-24;PICKING_S;S;9832.0;5781.862073908346;4688.972440065681;6690.55752895753;-0.29;0.54;9;6;5;7;2026-05-21 09:28
2026-02-24;PICKING_W;W;9546.0;7837.832960239316;6008.290384615384;10043.133333333333;-0.32;-0.02;9;8;6;10;2026-05-21 09:28
2026-02-24;PROMO_S;S;7276.0;4447.683170557217;3375.3119883040936;7595.358333333333;0.46;1.67;9;6;4;9;2026-05-21 09:28
2026-02-24;PROMO_W;W;5586.0;6493.779218772866;5045.959999999999;8226.2;0.15;-0.11;7;8;6;10;2026-05-21 09:28
2026-02-25;BULK_S;S;576.0;640.8899928456973;401.29764705882343;944.797142857143;0.23;0.06;4;4;3;6;2026-05-21 09:28
2026-02-25;BULK_W;W;785.0;911.8742718804766;568.7425;1260.6076923076923;1.06;0.66;5;5;4;7;2026-05-21 09:28
2026-02-25;GLOBAL_S;S;5545.0;6965.768891100945;6040.733137829912;7773.989254307572;-0.52;-0.72;29;37;32;41;2026-05-21 09:28
2026-02-25;GLOBAL_W;W;11520.0;14202.533622641582;11107.4125;17638.45925925926;-0.21;-0.54;60;74;58;92;2026-05-21 09:28
2026-02-25;PICKING_S;S;3406.0;4359.749370304556;3408.427648902821;5206.9012268704755;-0.59;-0.78;4;4;4;5;2026-05-21 09:28
2026-02-25;PICKING_W;W;5988.0;6718.494557674553;4746.412499999999;8901.216666666667;-0.51;-0.64;6;7;5;9;2026-05-21 09:28
2026-02-25;PROMO_S;S;1563.0;1821.9825901846589;1532.9954930429521;2118.644109225875;-0.66;-0.78;2;3;2;3;2026-05-21 09:28
2026-02-25;PROMO_W;W;4747.0;6450.737941450062;5112.75;8114.733333333334;0.14;-0.34;6;8;6;10;2026-05-21 09:28
2026-02-26;BULK_S;S;974.0;1195.1910454224462;796.3207792207792;1677.2030769230769;1.68;1.1;6;7;5;10;2026-05-21 09:28
2026-02-26;BULK_W;W;523.0;521.8821221072064;328.82563667232597;769.0777777777778;-0.16;-0.16;3;3;2;5;2026-05-21 09:28
2026-02-26;GLOBAL_S;S;6645.0;7087.784698984704;6156.385937499999;8005.602105640658;-0.5;-0.56;35;37;32;42;2026-05-21 09:28
2026-02-26;GLOBAL_W;W;10683.0;8179.448375977775;6782.955769230769;9603.721428571429;-0.94;-0.64;56;43;36;50;2026-05-21 09:28
2026-02-26;PICKING_S;S;3340.0;4379.33381109558;3447.8863801452785;5171.496031746032;-0.58;-0.8;4;4;4;5;2026-05-21 09:28
2026-02-26;PICKING_W;W;5911.0;4823.671479225886;3293.1596363636363;6491.263157894737;-0.84;-0.65;6;5;3;6;2026-05-21 09:28
2026-02-26;PROMO_S;S;2331.0;1865.4167111058784;1571.5781331028522;2128.703125;-0.65;-0.45;3;3;2;3;2026-05-21 09:28
2026-02-26;PROMO_W;W;4249.0;3252.901095740903;2369.3492063492063;4055.7625;-0.76;-0.48;5;4;3;5;2026-05-21 09:28
